sample_index,selected_method,selected_score,target_cum,target_core,target_ramp,target_duration,score_DurationAware_RiskFirst_TCN_Empirical,score_RiskFirst_TCN_Empirical,score_extreme_conditioned_gaussian_copula,score_traditional_gaussian_copula,score_enhanced_gan,score_ordinary_conditional_tcn,score_targeted_seed45_Conditional_NormalizingFlow_Risk_Generator,score_targeted_seed45_Conditional_TCN_Risk_Generator,score_targeted_seed45_Conditional_Transformer_Risk_Generator,score_targeted_seed45_Expanded_ValSelected_Model_Ensemble,score_targeted_seed45_Expanded_ValSelected_Model_Ensemble_Margin_0.05,score_targeted_seed45_GAN_Augmented_TailWeighted_Month_EVT_Copula_Risk_Selection_Fixed,score_targeted_seed45_RiskKNN_Bootstrap_Generator,score_targeted_seed45_TailWeighted_Month_EVT_Copula_Risk_Selection_Fixed,score_targeted_seed45_TransformerVAE_Augmented_TailWeighted_Copula,score_targeted_seed46_Conditional_NormalizingFlow_Risk_Generator,score_targeted_seed46_Conditional_TCN_Risk_Generator,score_targeted_seed46_Conditional_Transformer_Risk_Generator,score_targeted_seed46_Expanded_ValSelected_Model_Ensemble,score_targeted_seed46_Expanded_ValSelected_Model_Ensemble_Margin_0.05,score_targeted_seed46_GAN_Augmented_TailWeighted_Month_EVT_Copula_Risk_Selection_Fixed,score_targeted_seed46_RiskKNN_Bootstrap_Generator,score_targeted_seed46_TailWeighted_Month_EVT_Copula_Risk_Selection_Fixed,score_targeted_seed46_TransformerVAE_Augmented_TailWeighted_Copula,score_targeted_seed47_Conditional_NormalizingFlow_Risk_Generator,score_targeted_seed47_Conditional_TCN_Risk_Generator,score_targeted_seed47_Conditional_Transformer_Risk_Generator,score_targeted_seed47_Expanded_ValSelected_Model_Ensemble,score_targeted_seed47_Expanded_ValSelected_Model_Ensemble_Margin_0.05,score_targeted_seed47_GAN_Augmented_TailWeighted_Month_EVT_Copula_Risk_Selection_Fixed,score_targeted_seed47_RiskKNN_Bootstrap_Generator,score_targeted_seed47_TailWeighted_Month_EVT_Copula_Risk_Selection_Fixed,score_targeted_seed47_TransformerVAE_Augmented_TailWeighted_Copula
0,targeted_seed46_TransformerVAE_Augmented_TailWeighted_Copula,0.14269942239271044,26.2368032282049,7.214057098735458,8.474754853682084,15.0,0.4377996980785217,0.24655398972659492,2.0446550888697774,7.090071248629967,4.319108167436869,0.24825203651631292,0.3736637484727285,0.6396714848530792,0.3258527090646967,0.7769748313380683,0.7769748313380683,0.613654181547296,0.5692203178963372,0.33313446060767693,0.7769748313380683,0.5789406251933279,0.5081083790146511,0.6690623926804004,0.4569781144393521,0.4569781144393521,0.613654181547296,0.3874781951223833,0.4569781144393521,0.14269942239271044,0.35837284753476145,0.8200077120606658,0.3953098129915186,0.7102843508575214,0.7102843508575214,0.613654181547296,0.4005893895060781,0.7102843508575214,0.3376475240575406
1,targeted_seed47_Expanded_ValSelected_Model_Ensemble,0.06059054385905122,43.51252365112305,18.871251106262207,8.61840534210205,9.0,0.5668381054856292,0.5064261673529593,0.16177727883558696,1.1937157553363762,0.592521383112986,0.14663744246831456,0.4213433911286911,0.18030050911780438,0.18450516484717747,0.1295227479131849,0.1295227479131849,0.17849096608737472,0.11634976549842845,0.17941102537227044,0.1295227479131849,0.8472138722343443,0.3399192035342989,0.3334303157657618,0.11386028156566307,0.11386028156566307,0.17849096608737472,0.11199837359538355,0.11386028156566307,0.17218573473637278,0.25109173466126034,0.4920534924204849,0.3336722993857219,0.06059054385905122,0.06059054385905122,0.17849096608737472,0.08580290450620957,0.06059054385905122,0.09030593209996482
2,targeted_seed45_Conditional_Transformer_Risk_Generator,0.026560824472521897,43.51252365112305,18.871251106262207,8.61840534210205,9.0,0.3433646429353686,0.5018470665991945,0.14690756275125788,0.8931277481600521,0.27501069387361665,0.30324640283490834,0.3286073820627675,0.19329919545724603,0.026560824472521897,0.23155346767467327,0.23155346767467327,0.1664394771659411,0.2414887892728973,0.1281265014757484,0.23155346767467327,0.4240222383109862,0.1484273152337197,0.31399952753672017,0.1730418679220489,0.1730418679220489,0.1664394771659411,0.24551840316084933,0.1730418679220489,0.28824440568489745,0.5853451063554177,0.16850845558509872,0.5476517103638614,0.2628211872584596,0.2628211872584596,0.1664394771659411,0.22254238156495137,0.2628211872584596,0.18175987884191047
3,targeted_seed46_RiskKNN_Bootstrap_Generator,0.10067581537190705,43.51252365112305,18.871251106262207,8.61840534210205,9.0,0.3414165795990891,0.47386076557383416,0.5156487333129876,1.4284226181520665,0.35714320678964573,0.2600206398667275,0.16455127263288485,0.13463822949089604,0.400494729986123,0.24290938601467837,0.24290938601467837,0.20588789134973978,0.11596540392536184,0.13831719090493952,0.24290938601467837,0.6948139820793273,0.3162530203403166,0.1331261976355991,0.20628911621093549,0.20628911621093549,0.20588789134973978,0.10067581537190705,0.20628911621093549,0.21625031035668998,0.2746451960786016,0.22746479578930012,0.3304443164081289,0.17414036471593936,0.17414036471593936,0.20588789134973978,0.1280083969775434,0.17414036471593936,0.22027094243082174
4,targeted_seed45_TailWeighted_Month_EVT_Copula_Risk_Selection_Fixed,0.09343789669861881,43.51252365112305,18.871251106262207,8.61840534210205,9.0,0.3104882488641217,0.2877568381765233,0.2554394791636299,1.1990140365746342,0.3882834956572874,0.33874591096551987,0.24945242069758303,0.3395047492276012,0.16747356444168904,0.19790345784874938,0.19790345784874938,0.1860592382938139,0.2547525176528839,0.09343789669861881,0.19790345784874938,0.19686506755804056,0.14592916406393297,0.410921799909928,0.1432811768534396,0.1432811768534396,0.1860592382938139,0.24624835735904116,0.1432811768534396,0.2578848199027828,0.48210309173914195,0.1109047252498812,0.11576934558552085,0.17579606138175063,0.17579606138175063,0.1860592382938139,0.2690208610335121,0.17579606138175063,0.2501204915889605
5,targeted_seed45_Conditional_NormalizingFlow_Risk_Generator,0.10659875492325104,47.330928802490234,19.516892433166504,8.594188690185547,11.0,0.19731916616164713,0.17910258919857905,0.7709716463480697,0.4259289293131779,0.36621551896217763,0.23399276890390064,0.10659875492325104,0.2451164952396011,0.13915174363515756,0.20851444778996364,0.20851444778996364,0.497640145978323,0.2026298111920006,0.26013964717093274,0.20851444778996364,0.33362007823820033,0.27262190695385874,0.15192496073996584,0.293239224868739,0.293239224868739,0.497640145978323,0.22481036109922206,0.293239224868739,0.24407382107198125,0.21233195439786567,0.7165798356245777,0.11787718235825018,0.2441060856559251,0.2441060856559251,0.497640145978323,0.22885085357100177,0.2441060856559251,0.27149548863263795
6,enhanced_gan,0.723733940147628,47.330928802490234,19.516892433166504,8.594188690185547,11.0,0.9145654636586882,1.0471643180082122,0.8893972859742493,2.7032257498299495,0.723733940147628,1.0153352107278688,0.7873403156365715,0.8833390910414826,0.8732713955979557,0.9112508491546938,0.9112508491546938,0.8825971925790603,0.9787426833943171,1.0244312285534325,0.9112508491546938,0.8503080883744558,0.8671170177566306,0.8163738978399894,0.7987542673149033,0.7987542673149033,0.8825971925790603,0.9020944800127,0.7987542673149033,0.9001096385603056,0.7707574863640929,0.8240430238216868,0.8090539169472042,0.9353919379073509,0.9353919379073509,0.8825971925790603,0.8233509250360669,0.9353919379073509,0.9137073749210411
7,targeted_seed46_Conditional_NormalizingFlow_Risk_Generator,0.7309663870771589,47.330928802490234,19.516892433166504,8.594188690185547,11.0,0.7443880270417856,1.2358112289470233,1.1469213040008852,1.032711075269619,1.141656973433383,0.9555499060436475,0.978717000165596,0.8191408938794859,0.8313246763609674,0.8752645502850187,0.8752645502850187,0.8085942648450369,0.953115229836855,0.874506644561013,0.8752645502850187,0.7309663870771589,0.9053227359434778,1.0571685112039695,0.881974394362664,0.881974394362664,0.8085942648450369,0.8338144043631114,0.881974394362664,0.851525404919172,0.9608780931558036,0.9800810252612514,1.0102820231467753,0.9490162310987453,0.9490162310987453,0.8085942648450369,1.0041234673438204,0.9490162310987453,0.9325699475685598
8,DurationAware_RiskFirst_TCN_Empirical,0.20873356735143994,48.50658468766646,19.93110318617387,8.647556565024637,11.227272727272727,0.20873356735143994,0.5291584500607964,0.3870778574435135,0.7392469715700678,1.0089109044865279,0.6375988411134046,0.7075380942078617,0.6054093459682016,0.811359102910859,0.88004578756438,0.88004578756438,0.8317873822020564,0.7800514767339936,0.9612139737884186,0.88004578756438,0.9900232552888487,0.7232736357625759,0.960695221923288,0.8632285776408813,0.8632285776408813,0.8317873822020564,0.8151375740332042,0.8632285776408813,0.8531551152667779,0.7655579771379181,0.5529096512512884,0.9193682490532855,0.9476740758509203,0.9476740758509203,0.8317873822020564,0.7884411715493844,0.9476740758509203,0.8607136253580286
9,targeted_seed46_RiskKNN_Bootstrap_Generator,0.07474278537572435,50.7606406211853,26.04049015045166,8.443650245666504,13.0,0.8974622932330162,1.0159048405037672,1.1102703294473408,0.7938451647847707,0.5942105181566305,0.25814253876653126,0.5640943590365526,0.19971637198824987,0.596871197223755,0.29350470012778435,0.29350470012778435,0.23506382848195012,0.10986008060624297,0.09046377521322391,0.29350470012778435,1.4194423480789609,0.25366446285037353,0.320192181489342,0.8318464401932267,0.8318464401932267,0.23506382848195012,0.07474278537572435,0.8318464401932267,0.29670026029975927,0.6000675029694821,0.19355903868551694,0.506166916807565,0.4826265214345182,0.4826265214345182,0.23506382848195012,0.21864784096847661,0.4826265214345182,0.4574765826902486
10,targeted_seed45_RiskKNN_Bootstrap_Generator,0.1630043793403878,48.32187080383301,22.034847259521484,8.202948570251465,12.5,0.33364585286617093,0.18939256382936354,0.5020070850303218,0.3512056828945981,0.761727333919511,1.170263594940725,0.8215532154920876,1.2967105840660431,0.9217368019864679,0.7485428058792943,0.7485428058792943,0.8302386221094229,0.1630043793403878,0.7270187895049778,0.7485428058792943,0.6948606169398281,0.8726766715456555,0.4812288824361988,0.5918187060326594,0.5918187060326594,0.8302386221094229,0.19315667435267048,0.5918187060326594,0.6262483083232393,0.7625290651095085,1.0641722606578308,1.1160858675066874,0.7830444837702472,0.7830444837702472,0.8302386221094229,0.7314180727266545,0.7830444837702472,0.7046501591686027
11,targeted_seed46_Conditional_Transformer_Risk_Generator,0.10688487119956291,43.51252365112305,18.871251106262207,8.61840534210205,9.0,0.49758190703696464,0.41603264375784316,0.5381258604787328,0.4937078397902586,0.3738368162626161,0.2593907548859583,0.2266157552163572,0.36797699676493545,0.26358587237847253,0.23318755186102696,0.23318755186102696,0.2340804907109754,0.129107392511927,0.18816085303928903,0.23318755186102696,0.6241033633614768,0.1961343895912941,0.10688487119956291,0.14977867803260878,0.14977867803260878,0.2340804907109754,0.23999945283413054,0.14977867803260878,0.18015236775007915,0.37633875477550505,0.14860621901677848,0.3929601782694821,0.2060837534108142,0.2060837534108142,0.2340804907109754,0.16410623608282984,0.2060837534108142,0.2518511876860199
12,targeted_seed46_Conditional_Transformer_Risk_Generator,0.1446944417513117,43.51252365112305,18.871251106262207,8.61840534210205,9.0,0.5455568304809414,0.5287124126433608,0.5409940329268644,1.309336888845643,0.8670456103355475,0.292985371892842,0.23153015714797204,0.27219621530045146,0.5200951235330304,0.27663117680442484,0.27663117680442484,0.179675452619009,0.2919639091144701,0.2054955695001407,0.27663117680442484,0.8288733895379296,0.3397176201555988,0.1446944417513117,0.20307735479251487,0.20307735479251487,0.179675452619009,0.2956550208901001,0.20307735479251487,0.17352330426131907,0.5101842263119665,0.28350005959081676,0.31560645537609333,0.26613421216423194,0.26613421216423194,0.179675452619009,0.2231590340671331,0.26613421216423194,0.2898069023963559
13,DurationAware_RiskFirst_TCN_Empirical,0.17375855415333843,47.330928802490234,19.516892433166504,8.594188690185547,11.0,0.17375855415333843,0.27008273691117296,0.35986993380064863,0.28817401850093555,0.2682391378330985,0.9267860873521523,0.9579337128318879,0.666439311407837,0.9491494500605542,0.8978375872373544,0.8978375872373544,0.9233441575861571,1.0638855658955184,0.7279794716882505,0.8978375872373544,0.8986045365041222,0.9243686028071987,0.78457255916298,0.8729968461596952,0.8729968461596952,0.9233441575861571,1.0244427493765953,0.8729968461596952,0.734364566725932,0.7709631007364586,1.019170104154266,0.8374415986324093,0.7959974347508191,0.7959974347508191,0.9233441575861571,0.8969062252276373,0.7959974347508191,0.6985793602696498
14,targeted_seed45_Expanded_ValSelected_Model_Ensemble,0.0630312297273925,43.51252365112305,18.871251106262207,8.61840534210205,9.0,0.5006825691722363,0.4394077683510772,0.7403228981072825,1.127770030144212,0.3845215693477907,0.1834716926844129,0.6653439820820429,0.20028547685047873,0.46061661308313606,0.0630312297273925,0.0630312297273925,0.32847800627238133,0.14125524267445286,0.27481497088326,0.0630312297273925,0.27095245657612677,0.15384277562606402,0.2633651302485819,0.16383470346328555,0.16383470346328555,0.32847800627238133,0.1054702621766436,0.16383470346328555,0.18111114539803136,0.5222850411558837,0.16386955520973046,0.17658128226065897,0.1775755592112665,0.1775755592112665,0.32847800627238133,0.1418107875767551,0.1775755592112665,0.2406364975026265
15,RiskFirst_TCN_Empirical,0.15307977645864884,13.601393526250662,2.183461969549005,6.405566042119807,9.0,0.4665097304145156,0.15307977645864884,5.891805601376019,5.969611857407144,5.836472198572531,0.4109761847132847,0.2890148524893246,0.2370108441660655,0.4383006680297089,0.48120280652373165,0.48120280652373165,0.22027371276572671,0.2826334106483114,0.22956585440023677,0.48120280652373165,0.36124413457367055,0.3549339861590549,0.3871606214741181,0.22547684445880234,0.22547684445880234,0.22027371276572671,0.4035195704358396,0.22547684445880234,0.15630068343683487,0.22272382677767946,0.33074906756599504,0.5411150115584032,0.231109921297726,0.231109921297726,0.22027371276572671,0.3667983486480339,0.231109921297726,0.323829643173624
16,enhanced_gan,0.5939736151812849,35.8451009013436,11.639875455336137,8.259337175976146,16.0,1.6737502362199845,1.4511277981190205,2.188309284349501,1.337598055133108,0.5939736151812849,0.7180453445846039,1.7510478685652995,1.6829495216544632,0.9970882288404368,3.0958376773567307,3.0958376773567307,1.7533901960948681,1.758204814039756,1.2394980150854724,3.0958376773567307,1.7207783313087024,1.769838785291563,1.0991844094547565,1.94928782360075,1.94928782360075,1.7533901960948681,1.6944839117120398,1.94928782360075,2.1780676583898604,1.486481385775604,2.52388714877473,1.079541478095871,1.772291914686032,1.772291914686032,1.7533901960948681,1.7152236282111097,1.772291914686032,2.0315772292405083
17,DurationAware_RiskFirst_TCN_Empirical,0.09475048931678062,12.317733764648438,2.1877269744873047,4.523502349853516,10.0,0.09475048931678062,0.1728285662399647,0.40876803367936626,7.410785319805985,2.794256301968601,0.402690772992887,0.359611585956708,0.37745779710122057,0.3566483978575935,0.34841118737255145,0.34841118737255145,0.4341704422489214,0.23619629350146007,0.18585840964427155,0.34841118737255145,0.1728703256411283,0.22798224460610833,0.27918645401300635,0.3940980053527138,0.3940980053527138,0.4341704422489214,0.09659760919942095,0.3940980053527138,0.3144135739655869,0.16897286029010644,0.326149533826029,0.5032093464382987,0.2770812751251523,0.2770812751251523,0.4341704422489214,0.24233929397706724,0.2770812751251523,0.32749920742839056
18,targeted_seed46_Conditional_NormalizingFlow_Risk_Generator,0.5872954273874471,20.944601492448285,6.604471044106916,6.539106098088351,12.0,0.8005023422545848,0.9906815060922647,0.8744841756959916,1.2003460086956856,1.1007725531594343,2.447288120766299,0.6861636194731938,2.1338569560886653,2.6498863773960757,1.8072782973358015,1.8072782973358015,1.8832224407249405,1.7919921554160658,2.444519143486251,1.8072782973358015,0.5872954273874471,1.8277129917776298,1.304974878412283,2.1057767009517208,2.1057767009517208,1.8832224407249405,1.990244522895731,2.1057767009517208,1.7423241132775833,0.9697473746132306,1.3027852277473926,1.414870014168232,2.2964975396475324,2.2964975396475324,1.8832224407249405,2.020102935897709,2.2964975396475324,2.008275274745714
19,targeted_seed46_Expanded_ValSelected_Model_Ensemble,0.2459857467460087,22.103684685447,9.475738270716237,8.001454960216178,15.01136363636364,0.6725338972274176,0.4137135103857774,2.5393877335280988,1.923941767386189,0.9278517074621726,0.8317723604808802,0.7655371069694316,0.9710146861673172,0.4934677774993523,1.0654025981960222,1.0654025981960222,0.5477183776717096,0.6732659011289504,0.40216039336366977,1.0654025981960222,0.6441627043013185,0.7461980578521256,0.9535291129081249,0.2459857467460087,0.2459857467460087,0.5477183776717096,0.5527789298613152,0.2459857467460087,0.6342652410658225,0.4156652410684827,0.7636281870916487,0.8409997240382352,0.5623440105473253,0.5623440105473253,0.5477183776717096,0.6920040068251095,0.5623440105473253,0.9119071150363302
20,targeted_seed45_Conditional_NormalizingFlow_Risk_Generator,0.5778955261424834,47.59859486059708,12.82247985493053,8.649096022952685,19.28977272727272,1.3086544659644548,1.3998953543469363,2.497375571641991,1.18867839255698,2.102804275752627,1.8282435124479277,0.5778955261424834,1.4042200410134138,1.1607440748980578,1.2846506916001637,1.2846506916001637,0.9857847278028319,1.1891922717997794,2.236058686069409,1.2846506916001637,2.0844359462652853,1.179068276455756,2.974580442990129,1.5075947172057862,1.5075947172057862,0.9857847278028319,2.2604481058198784,1.5075947172057862,1.6466957296692066,1.1382778010726615,1.1529414395868394,1.4949555404424313,1.1565062096333023,1.1565062096333023,0.9857847278028319,2.2325498636247447,1.1565062096333023,1.0263939467664847
21,targeted_seed46_Conditional_Transformer_Risk_Generator,0.5422173580058851,63.03106606006622,16.03766231238842,9.265145987272263,24.625,1.2294030773773919,1.465709857244702,2.9998099520946546,1.3467658094351984,1.3196731951031664,2.4756711272334697,0.7386787035111078,0.6142349665230502,2.336748746163951,0.9204902705971746,0.9204902705971746,0.9838601142438261,1.292915356126107,1.376083345718003,0.9204902705971746,1.0825711771569986,2.670591354054941,0.5422173580058851,0.8864383415574288,0.8864383415574288,0.9838601142438261,1.216446256188927,0.8864383415574288,1.619120917911264,1.4851875202419018,0.6638858429193976,2.130109922268364,1.2727954947418136,1.2727954947418136,0.9838601142438261,1.385185326754016,1.2727954947418136,1.2077520014699814
22,targeted_seed47_Conditional_NormalizingFlow_Risk_Generator,0.4181507870540288,12.363115500320088,2.2029361941597676,5.9859789555723015,9.0,0.5013198160840734,0.5965026865947815,3.4400133144228318,0.838374477748981,0.8044631690726907,1.116672257406864,0.5035726301272381,1.8250762698589447,1.5498719714505915,1.7064580618597376,1.7064580618597376,1.993858421800102,1.9013025594937936,1.42634414575364,1.7064580618597376,0.5181295511197369,1.3866870983368509,1.7038775561214479,1.3734902010171113,1.3734902010171113,1.993858421800102,1.8997067499281979,1.3734902010171113,1.431085547642295,0.4181507870540288,1.2149268654276544,1.6115310726589283,1.9226474827413413,1.9226474827413413,1.993858421800102,1.9301314292273204,1.9226474827413413,1.8537818046784502
23,DurationAware_RiskFirst_TCN_Empirical,1.4077065604301024,50.12891856106844,13.40313259038058,8.753580917011607,20.43181818181818,1.4077065604301024,1.4455251149939221,2.7447177881451945,2.451209333908185,1.8229304638030177,2.5435941793190198,1.5473561921723287,3.8698087893390816,2.954614824766671,3.423614992548631,3.423614992548631,5.103292870651057,3.9311147231386205,3.6154691823955662,3.423614992548631,4.208171046113931,1.4480943216597868,3.8045985719468667,3.9205205527579214,3.9205205527579214,5.103292870651057,3.2059205025675155,3.9205205527579214,3.702785052148736,2.3314905835254143,2.314679610657231,2.935459548550857,3.790075995118728,3.790075995118728,5.103292870651057,4.046554771227573,3.790075995118728,3.892727894638823
24,DurationAware_RiskFirst_TCN_Empirical,0.503663171376399,11.406865119934082,1.5831325054168701,5.683885097503662,9.0,0.503663171376399,0.5199570799529103,3.086784652157792,0.7894288453093793,1.8493899921515524,1.1427214062132862,0.8679053623960211,1.1162184549862544,1.1511834411391506,1.3116932459448696,1.3116932459448696,2.236537708543734,1.617312301676015,1.629469993959756,1.3116932459448696,0.6765338177736602,1.1754753070885597,2.0016227565374343,1.3388592450632124,1.3388592450632124,2.236537708543734,1.634239852042603,1.3388592450632124,1.1377081401131532,0.6775242341858994,1.140436241112144,2.028419448661883,1.834998232220556,1.834998232220556,2.236537708543734,1.677038192058102,1.834998232220556,1.6157801372621126
25,DurationAware_RiskFirst_TCN_Empirical,0.5046515979692362,11.406865119934082,1.5831325054168701,5.683885097503662,9.0,0.5046515979692362,0.5383108731384725,1.6604171721235197,1.0611793312069322,0.7805218361502435,1.5041847184091437,0.6081612601615994,2.1831975957055505,1.9531686572695246,1.7012589275385082,1.7012589275385082,1.8791356537161186,1.3109124584251233,1.4916110342802755,1.7012589275385082,0.6544279096788853,1.8138686354595992,1.2940657942496365,1.4592561789286846,1.4592561789286846,1.8791356537161186,1.6305147718049522,1.4592561789286846,1.7567604506162386,0.8387613990470242,1.8302615276822893,1.500004771226609,1.551042302333101,1.551042302333101,1.8791356537161186,1.6245164039525806,1.551042302333101,1.6417318741973637
26,targeted_seed45_Conditional_TCN_Risk_Generator,0.8356203859926488,32.85168496045197,11.228255277330222,8.202719634229487,16.0,1.2486281739632012,1.332147637499083,1.6428961908807418,1.998649194723535,1.8205145441940414,2.5470632673894777,1.7693991666954534,0.8356203859926488,2.104373528742684,3.3522963417972433,3.3522963417972433,2.3198627095515696,2.888806349030266,2.2440872350860905,3.3522963417972433,0.8996950610363688,3.196030639142785,2.9625842252360455,2.2045648948548022,2.2045648948548022,2.3198627095515696,2.827709713855864,2.2045648948548022,3.1612405746215524,1.357013175173335,2.3556988602425517,2.1170359282092037,2.6902577221475052,2.6902577221475052,2.3198627095515696,2.8053232896569202,2.6902577221475052,2.0916857410310716
