load_wasserstein,load_js,load_acf_mae,wind_power_wasserstein,wind_power_js,wind_power_acf_mae,solar_power_wasserstein,solar_power_js,solar_power_acf_mae,mean_wasserstein,mean_js,acf_mae,corr_matrix_error,cum_deficit_mae,cum_deficit_relative_error,q95_cum_deficit_error,q99_cum_deficit_error,netload_ramp_max_mae,netload_ramp_max_relative_error,q95_netload_ramp_max_error,q99_netload_ramp_max_error,imbalance_duration_mae,imbalance_duration_relative_error,q95_imbalance_duration_error,q99_imbalance_duration_error,core_cum_deficit_mae,core_q95_cum_deficit_error,core_q99_cum_deficit_error,core_netload_ramp_max_mae,core_q95_netload_ramp_max_error,core_q99_netload_ramp_max_error,core_imbalance_duration_mae,core_q95_imbalance_duration_error,core_q99_imbalance_duration_error,extreme_degree_match_rate,extreme_degree_adjacent_match_rate,dataset,method,model_name,generated_path
1.2414191762606301,0.08295972544826256,0.04286018913183114,0.5122877019566809,0.08676741783588339,0.06865669092454617,0.40250320009764573,0.1715216328360956,0.05398580824047574,0.7187366927716523,0.1137495920400805,0.055167562765617684,0.08320420150743751,30.146329968048683,0.1814957211294577,7.457444119099392,0.8137870727642138,2.655348109385361,0.06327359475435096,3.5544775247573845,4.029522060751914,6.518518518518518,0.32867132836104446,3.0,1.5200000000000031,12.952758574886222,4.522918808682235,6.231719888586895,1.5813832018110487,0.7608675479888918,0.3920616626739504,2.4444444444444446,0.3000000000000007,0.7399999999999984,0.5185185185185185,0.7407407407407407,cessnock_or_newarea,ganfix_Conditional_NormalizingFlow_Risk_Generator,ganfix_Conditional_NormalizingFlow_Risk_Generator,C:\Users\13411\MyPython\project\ExtremeScene\results\model_pool_experiments_new_machine_margin_formal50_ganfix\cessnock_or_newarea\generated_samples_Conditional_NormalizingFlow_Risk_Generator.npy
1.2372304640189116,0.055389514837774635,0.01792800820787809,0.18072634876994711,0.052815171452208536,0.08675548558763306,0.14160265237736852,0.09222433488230716,0.01385815350258677,0.5198531550554091,0.06680967372409678,0.03951388243269931,0.09446212828013294,46.9893465980205,0.5732502407402004,21.39677946522538,40.20366935925601,2.879880185991405,0.13360979896161562,2.113816559314728,1.766367017626763,6.666666666666667,0.23776223753777675,1.0,1.0,17.598135915669886,1.3859165152672617,5.2370488001022935,1.8081098397572835,1.0034368515014647,1.203546848297119,2.5925925925925926,0.6999999999999993,1.0,0.3333333333333333,0.7037037037037037,cessnock_or_newarea,ganfix_Conditional_Transformer_Risk_Generator,ganfix_Conditional_Transformer_Risk_Generator,C:\Users\13411\MyPython\project\ExtremeScene\results\model_pool_experiments_new_machine_margin_formal50_ganfix\cessnock_or_newarea\generated_samples_Conditional_Transformer_Risk_Generator.npy
1.1866239336292437,0.047652946627093726,0.02776055621362075,0.45683918325593975,0.0714773252373571,0.037967266217834715,0.42689631951899665,0.04094263951217161,0.12216376420052816,0.6901198121347267,0.05335763712554081,0.06263052887732788,0.05049825374918416,53.61628455646049,0.8833583640604834,48.48617742962888,125.09183224931387,3.024440755957686,0.07755107587380737,1.9821826457977298,2.143149057030678,7.592592592592593,0.43006992966391994,4.399999999999999,9.43999999999999,18.71777268201366,9.826214311179129,37.5556131817359,1.9224449351981834,1.1257400035858147,2.084801721572875,2.7037037037037037,1.0,1.7399999999999984,0.25925925925925924,0.6296296296296297,cessnock_or_newarea,ganfix_GAN_Augmented_TailWeighted_Month_EVT_Copula_Risk_Selection_Fixed,ganfix_GAN_Augmented_TailWeighted_Month_EVT_Copula_Risk_Selection_Fixed,C:\Users\13411\MyPython\project\ExtremeScene\results\model_pool_experiments_new_machine_margin_formal50_ganfix\cessnock_or_newarea\generated_samples_GAN_Augmented_TailWeighted_Month_EVT_Copula_Risk_Selection_Fixed.npy
1.9386803306669855,0.06967397580579764,0.027048335340584404,0.38730744060392785,0.06332873988479763,0.06901953435144594,0.3178316950469035,0.02831380807674264,0.07269735225924055,0.8812731554392723,0.05377217458911263,0.05625507398375696,0.025521649654018257,50.871179399789256,0.8981967698296403,58.79134542518635,75.00693401289381,3.0806887132844336,0.028204867425319066,3.2763245344161973,2.635950145125392,7.962962962962963,0.45104895062313544,6.0,6.739999999999998,18.91739118738567,14.041077218124954,10.766784928656648,1.8499658990789343,1.3845857620239261,2.3180925750732406,2.8518518518518516,0.3000000000000007,1.4799999999999969,0.3333333333333333,0.7037037037037037,cessnock_or_newarea,ganfix_TailWeighted_Month_EVT_Copula_Risk_Selection_Fixed,ganfix_TailWeighted_Month_EVT_Copula_Risk_Selection_Fixed,C:\Users\13411\MyPython\project\ExtremeScene\results\model_pool_experiments_new_machine_margin_formal50_ganfix\cessnock_or_newarea\generated_samples_TailWeighted_Month_EVT_Copula_Risk_Selection_Fixed.npy
1.6048291644441735,0.07485840579797993,0.017982955108638128,0.24077744848523538,0.0558341051418241,0.035756497242095876,0.34286126074022105,0.04223705934311553,0.08084761087197292,0.72948929122321,0.057643190094306525,0.04486235440756897,0.025450644705920976,49.95576281202297,0.8288344179414747,40.80362542753441,57.62075136424831,3.0381783616353966,0.0384445818917688,1.0344011217355735,0.9745596897602091,8.037037037037036,0.44405594363673023,3.0,2.2600000000000016,16.36928608591906,6.028287661360508,2.227846615421363,2.052577782560278,3.382594966888428,3.0863442993164067,2.6666666666666665,1.0,1.7399999999999984,0.4444444444444444,0.6666666666666666,cessnock_or_newarea,ganfix_TransformerVAE_Augmented_TailWeighted_Copula,ganfix_TransformerVAE_Augmented_TailWeighted_Copula,C:\Users\13411\MyPython\project\ExtremeScene\results\model_pool_experiments_new_machine_margin_formal50_ganfix\cessnock_or_newarea\generated_samples_TransformerVAE_Augmented_TailWeighted_Copula.npy
1.9386803306669855,0.06967397580579764,0.027048335340584404,0.38730744060392785,0.06332873988479763,0.06901953435144594,0.3178316950469035,0.02831380807674264,0.07269735225924055,0.8812731554392723,0.05377217458911263,0.05625507398375696,0.025521649654018257,50.871179399789256,0.8981967698296403,58.79134542518635,75.00693401289381,3.0806887132844336,0.028204867425319066,3.2763245344161973,2.635950145125392,7.962962962962963,0.45104895062313544,6.0,6.739999999999998,18.91739118738567,14.041077218124954,10.766784928656648,1.8499658990789343,1.3845857620239261,2.3180925750732406,2.8518518518518516,0.3000000000000007,1.4799999999999969,0.3333333333333333,0.7037037037037037,cessnock_or_newarea,ganfix_ValSelected_Model_Ensemble,ganfix_ValSelected_Model_Ensemble,C:\Users\13411\MyPython\project\ExtremeScene\results\model_pool_experiments_new_machine_margin_formal50_ganfix\cessnock_or_newarea\generated_samples_ValSelected_Model_Ensemble.npy
1.9386803306669855,0.06967397580579764,0.027048335340584404,0.38730744060392785,0.06332873988479763,0.06901953435144594,0.3178316950469035,0.02831380807674264,0.07269735225924055,0.8812731554392723,0.05377217458911263,0.05625507398375696,0.025521649654018257,50.871179399789256,0.8981967698296403,58.79134542518635,75.00693401289381,3.0806887132844336,0.028204867425319066,3.2763245344161973,2.635950145125392,7.962962962962963,0.45104895062313544,6.0,6.739999999999998,18.91739118738567,14.041077218124954,10.766784928656648,1.8499658990789343,1.3845857620239261,2.3180925750732406,2.8518518518518516,0.3000000000000007,1.4799999999999969,0.3333333333333333,0.7037037037037037,cessnock_or_newarea,ganfix_ValSelected_Model_Ensemble_Margin_0.00,ganfix_ValSelected_Model_Ensemble_Margin_0.00,C:\Users\13411\MyPython\project\ExtremeScene\results\model_pool_experiments_new_machine_margin_formal50_ganfix\cessnock_or_newarea\generated_samples_ValSelected_Model_Ensemble_Margin_0.00.npy
1.9386803306669855,0.06967397580579764,0.027048335340584404,0.38730744060392785,0.06332873988479763,0.06901953435144594,0.3178316950469035,0.02831380807674264,0.07269735225924055,0.8812731554392723,0.05377217458911263,0.05625507398375696,0.025521649654018257,50.871179399789256,0.8981967698296403,58.79134542518635,75.00693401289381,3.0806887132844336,0.028204867425319066,3.2763245344161973,2.635950145125392,7.962962962962963,0.45104895062313544,6.0,6.739999999999998,18.91739118738567,14.041077218124954,10.766784928656648,1.8499658990789343,1.3845857620239261,2.3180925750732406,2.8518518518518516,0.3000000000000007,1.4799999999999969,0.3333333333333333,0.7037037037037037,cessnock_or_newarea,ganfix_ValSelected_Model_Ensemble_Margin_0.05,ganfix_ValSelected_Model_Ensemble_Margin_0.05,C:\Users\13411\MyPython\project\ExtremeScene\results\model_pool_experiments_new_machine_margin_formal50_ganfix\cessnock_or_newarea\generated_samples_ValSelected_Model_Ensemble_Margin_0.05.npy
1.9386803306669855,0.06967397580579764,0.027048335340584404,0.38730744060392785,0.06332873988479763,0.06901953435144594,0.3178316950469035,0.02831380807674264,0.07269735225924055,0.8812731554392723,0.05377217458911263,0.05625507398375696,0.025521649654018257,50.871179399789256,0.8981967698296403,58.79134542518635,75.00693401289381,3.0806887132844336,0.028204867425319066,3.2763245344161973,2.635950145125392,7.962962962962963,0.45104895062313544,6.0,6.739999999999998,18.91739118738567,14.041077218124954,10.766784928656648,1.8499658990789343,1.3845857620239261,2.3180925750732406,2.8518518518518516,0.3000000000000007,1.4799999999999969,0.3333333333333333,0.7037037037037037,cessnock_or_newarea,ganfix_ValSelected_Model_Ensemble_Margin_0.10,ganfix_ValSelected_Model_Ensemble_Margin_0.10,C:\Users\13411\MyPython\project\ExtremeScene\results\model_pool_experiments_new_machine_margin_formal50_ganfix\cessnock_or_newarea\generated_samples_ValSelected_Model_Ensemble_Margin_0.10.npy
0.9506453278133408,0.059929358368932005,0.03639887836470417,0.5512565643513259,0.08158927156475015,0.09343980939799425,0.39229950346359255,0.15901432427256149,0.049304898259869716,0.6314004652094197,0.10017765140208122,0.05971452867418938,0.09436598235612997,30.360230486151227,0.23325714099180883,0.46670312934273284,3.4738967714071407,3.1937439226032303,0.03768001874724328,2.741746950149535,1.2817419308424043,6.37037037037037,0.29370629342901844,0.3000000000000007,1.4799999999999969,12.323590037905111,5.6394481218748,11.70949143547076,3.2486293845706515,4.370972347259521,4.209364795684815,2.185185185185185,0.3000000000000007,0.7399999999999984,0.4074074074074074,0.8518518518518519,cessnock_or_newarea,targeted_seed45_Conditional_NormalizingFlow_Risk_Generator,targeted_seed45_Conditional_NormalizingFlow_Risk_Generator,C:\Users\13411\MyPython\project\ExtremeScene\results\targeted_expanded_pool_multiseed\seed45\expanded_pool\cessnock_or_newarea\generated_samples_Conditional_NormalizingFlow_Risk_Generator.npy
1.470337563826714,0.09054340335707603,0.012442616366726523,0.7583711095332566,0.13204863432292016,0.1441971534576568,0.8475790143457583,0.326054177521735,0.06560365153218495,1.025429229235243,0.18288207173391038,0.07408114045218943,0.35382905344764803,49.331167683930325,0.7924957670262254,21.617827167732045,109.40869953812701,3.0103422011080614,0.039042017116489365,3.0264943838119507,2.9321237736940393,6.888888888888889,0.32867132836104446,1.0,9.359999999999978,16.367379763819493,3.656989430340232,14.525801973700972,1.516608856342457,1.016534614562988,1.290047492980957,2.1481481481481484,0.0,0.0,0.2962962962962963,0.7407407407407407,cessnock_or_newarea,targeted_seed45_Conditional_TCN_Risk_Generator,targeted_seed45_Conditional_TCN_Risk_Generator,C:\Users\13411\MyPython\project\ExtremeScene\results\targeted_expanded_pool_multiseed\seed45\expanded_pool\cessnock_or_newarea\generated_samples_Conditional_TCN_Risk_Generator.npy
1.6241345800490046,0.06785555182858798,0.02337253898985801,0.3355654371667182,0.07006289797722891,0.05750654299704194,0.20910255507462558,0.10322913826295635,0.024116037327895166,0.7229341907634494,0.08038252935625774,0.03499837310493171,0.0703720716051161,51.88575024246464,0.8868659572043885,48.64275280938362,86.47319739973254,3.4010729728615843,0.007456201589883433,3.2643396854400635,2.43015258252621,7.148148148148148,0.3111888108950315,0.3000000000000007,2.9599999999999937,18.58828041757114,17.33767989265722,12.98555462699872,1.6574089262220595,0.17803936004638654,0.017094841003417294,2.740740740740741,0.0,0.0,0.3333333333333333,0.7037037037037037,cessnock_or_newarea,targeted_seed45_Conditional_Transformer_Risk_Generator,targeted_seed45_Conditional_Transformer_Risk_Generator,C:\Users\13411\MyPython\project\ExtremeScene\results\targeted_expanded_pool_multiseed\seed45\expanded_pool\cessnock_or_newarea\generated_samples_Conditional_Transformer_Risk_Generator.npy
1.4766411717536518,0.06330821470098363,0.0241070405898423,0.3283273123896434,0.05869155715594029,0.03313296581483167,0.19457784475629142,0.03194414899982962,0.05756370768896507,0.6665154429665289,0.051314640285584516,0.03826790469787968,0.05974283135988361,48.59455783532537,0.7757409635883094,67.85642215517474,77.14963578005161,3.5500513033324816,0.13620868299878078,0.9762376248836517,0.904120593070985,6.0,0.279720279456208,0.3000000000000007,0.0,19.084329726473854,10.861395108258769,22.021985737754115,2.0418093469407825,0.9407034873962399,1.0735286140441893,2.4444444444444446,0.3000000000000007,0.0,0.2962962962962963,0.7407407407407407,cessnock_or_newarea,targeted_seed45_Expanded_ValSelected_Model_Ensemble,targeted_seed45_Expanded_ValSelected_Model_Ensemble,C:\Users\13411\MyPython\project\ExtremeScene\results\targeted_expanded_pool_multiseed\seed45\expanded_pool\cessnock_or_newarea\generated_samples_Expanded_ValSelected_Model_Ensemble.npy
1.4766411717536518,0.06330821470098363,0.0241070405898423,0.3283273123896434,0.05869155715594029,0.03313296581483167,0.19457784475629142,0.03194414899982962,0.05756370768896507,0.6665154429665289,0.051314640285584516,0.03826790469787968,0.05974283135988361,48.59455783532537,0.7757409635883094,67.85642215517474,77.14963578005161,3.5500513033324816,0.13620868299878078,0.9762376248836517,0.904120593070985,6.0,0.279720279456208,0.3000000000000007,0.0,19.084329726473854,10.861395108258769,22.021985737754115,2.0418093469407825,0.9407034873962399,1.0735286140441893,2.4444444444444446,0.3000000000000007,0.0,0.2962962962962963,0.7407407407407407,cessnock_or_newarea,targeted_seed45_Expanded_ValSelected_Model_Ensemble_Margin_0.05,targeted_seed45_Expanded_ValSelected_Model_Ensemble_Margin_0.05,C:\Users\13411\MyPython\project\ExtremeScene\results\targeted_expanded_pool_multiseed\seed45\expanded_pool\cessnock_or_newarea\generated_samples_Expanded_ValSelected_Model_Ensemble_Margin_0.05.npy
1.1866239336292437,0.047652946627093726,0.02776055621362075,0.45683918325593975,0.0714773252373571,0.037967266217834715,0.42689631951899665,0.04094263951217161,0.12216376420052816,0.6901198121347267,0.05335763712554081,0.06263052887732788,0.05049825374918416,53.61628455646049,0.8833583640604834,48.48617742962888,125.09183224931387,3.024440755957686,0.07755107587380737,1.9821826457977298,2.143149057030678,7.592592592592593,0.43006992966391994,4.399999999999999,9.43999999999999,18.71777268201366,9.826214311179129,37.5556131817359,1.9224449351981834,1.1257400035858147,2.084801721572875,2.7037037037037037,1.0,1.7399999999999984,0.25925925925925924,0.6296296296296297,cessnock_or_newarea,targeted_seed45_GAN_Augmented_TailWeighted_Month_EVT_Copula_Risk_Selection_Fixed,targeted_seed45_GAN_Augmented_TailWeighted_Month_EVT_Copula_Risk_Selection_Fixed,C:\Users\13411\MyPython\project\ExtremeScene\results\targeted_expanded_pool_multiseed\seed45\expanded_pool\cessnock_or_newarea\generated_samples_GAN_Augmented_TailWeighted_Month_EVT_Copula_Risk_Selection_Fixed.npy
1.1377778732727584,0.04302786358641758,0.024692750394159826,0.4074742829125845,0.04593550048586546,0.12709087028932917,0.3510694827439136,0.029700544703504615,0.06098480648906163,0.6321072129764188,0.039554636258595885,0.07092280905751687,0.049869960515487616,49.84124188199141,0.8709624693861082,48.06904031189056,72.04293839959722,3.2537450707211435,0.03886373641297416,2.7895342946052555,3.0545399731397627,6.296296296296297,0.30769230740182874,1.0,0.26000000000000156,19.276341385960645,9.80997317985301,27.981083180381056,1.9924387843520552,0.7450999259948734,0.5534692573547364,2.3703703703703702,0.0,0.0,0.4444444444444444,0.6666666666666666,cessnock_or_newarea,targeted_seed45_RiskKNN_Bootstrap_Generator,targeted_seed45_RiskKNN_Bootstrap_Generator,C:\Users\13411\MyPython\project\ExtremeScene\results\targeted_expanded_pool_multiseed\seed45\expanded_pool\cessnock_or_newarea\generated_samples_RiskKNN_Bootstrap_Generator.npy
1.3680395008114625,0.05419995235441024,0.039054418018026,0.42783307009184357,0.06515426142705008,0.09795860443624221,0.3594498200153206,0.04239873582397923,0.0891703043543583,0.7184407969728756,0.053917649868479856,0.07539444226954217,0.04691125993284338,51.826440098875445,0.9194713661114478,39.747403184796,87.62483674279885,3.3630177781128117,0.11264038452233811,0.023555007576945286,0.6242682993412014,7.666666666666667,0.437062936650325,4.0,6.959999999999994,17.48067881859532,6.525447354385939,22.48336985537302,2.2506822038579872,2.2275938987731925,2.462037887573242,2.4444444444444446,0.0,0.0,0.37037037037037035,0.6666666666666666,cessnock_or_newarea,targeted_seed45_TailWeighted_Month_EVT_Copula_Risk_Selection_Fixed,targeted_seed45_TailWeighted_Month_EVT_Copula_Risk_Selection_Fixed,C:\Users\13411\MyPython\project\ExtremeScene\results\targeted_expanded_pool_multiseed\seed45\expanded_pool\cessnock_or_newarea\generated_samples_TailWeighted_Month_EVT_Copula_Risk_Selection_Fixed.npy
1.4766411717536518,0.06330821470098363,0.0241070405898423,0.3283273123896434,0.05869155715594029,0.03313296581483167,0.19457784475629142,0.03194414899982962,0.05756370768896507,0.6665154429665289,0.051314640285584516,0.03826790469787968,0.05974283135988361,48.59455783532537,0.7757409635883094,67.85642215517474,77.14963578005161,3.5500513033324816,0.13620868299878078,0.9762376248836517,0.904120593070985,6.0,0.279720279456208,0.3000000000000007,0.0,19.084329726473854,10.861395108258769,22.021985737754115,2.0418093469407825,0.9407034873962399,1.0735286140441893,2.4444444444444446,0.3000000000000007,0.0,0.2962962962962963,0.7407407407407407,cessnock_or_newarea,targeted_seed45_TransformerVAE_Augmented_TailWeighted_Copula,targeted_seed45_TransformerVAE_Augmented_TailWeighted_Copula,C:\Users\13411\MyPython\project\ExtremeScene\results\targeted_expanded_pool_multiseed\seed45\expanded_pool\cessnock_or_newarea\generated_samples_TransformerVAE_Augmented_TailWeighted_Copula.npy
0.8702881971504466,0.04057391691209042,0.08004519389337768,0.4879901517127077,0.0694799125701626,0.12254173949682216,0.48820171527441875,0.1767113129844718,0.05951265902832829,0.6154933547125243,0.0955883808222416,0.08736653080617605,0.06459923981809788,30.371792151136233,0.23717256453831687,19.529442054740727,69.95160228849592,3.7003131160723837,0.08379401522670042,1.9214969277381897,3.6708343797922005,7.37037037037037,0.3531468528134627,5.0,6.479999999999997,13.189037617933245,3.0521861026335344,11.229241723506583,2.5281151400672064,1.4770945549011234,5.298623790740958,2.6666666666666665,1.0,1.0,0.4444444444444444,0.8888888888888888,cessnock_or_newarea,targeted_seed46_Conditional_NormalizingFlow_Risk_Generator,targeted_seed46_Conditional_NormalizingFlow_Risk_Generator,C:\Users\13411\MyPython\project\ExtremeScene\results\targeted_expanded_pool_multiseed\seed46\expanded_pool\cessnock_or_newarea\generated_samples_Conditional_NormalizingFlow_Risk_Generator.npy
1.330474182656763,0.07204927047932046,0.03437717845085943,0.6540570953764644,0.14229743728046554,0.10206067609985849,0.9477426940843524,0.41431679541339217,0.03409043025200637,0.9774246573725266,0.20955450105772608,0.05684276160090809,0.3881193185910228,51.26079433405366,0.8769165572043307,48.90828550057752,76.96432393900513,3.322617191366455,0.004918488765190663,2.47598797082901,2.4482749658823018,6.666666666666667,0.314685314388234,3.099999999999998,5.479999999999997,17.27718783889766,9.272163929410112,5.154897211735232,1.7062701914045546,0.86218638420105,0.7375112056732185,2.4074074074074074,0.6999999999999993,0.26000000000000156,0.2962962962962963,0.6666666666666666,cessnock_or_newarea,targeted_seed46_Conditional_TCN_Risk_Generator,targeted_seed46_Conditional_TCN_Risk_Generator,C:\Users\13411\MyPython\project\ExtremeScene\results\targeted_expanded_pool_multiseed\seed46\expanded_pool\cessnock_or_newarea\generated_samples_Conditional_TCN_Risk_Generator.npy
1.6985815780643576,0.06842462636126573,0.026162187528252463,0.162119990883884,0.037373745751089475,0.09955431001191806,0.24497616905029174,0.1227078625970023,0.03235611092794206,0.7018925793328444,0.07616874490311916,0.05269086948937086,0.08679720692838862,52.58027885062293,0.9098549693532103,68.73547140872516,131.4017594705171,2.758765949654238,0.029870996318483486,3.667876577377319,1.5872733324766202,8.222222222222221,0.3706293702794757,4.399999999999999,10.919999999999987,18.235782063794357,16.58914357321104,15.7695584885818,1.699486392515677,0.6799321174621582,0.8440587425231936,2.5185185185185186,0.0,0.0,0.4444444444444444,0.7407407407407407,cessnock_or_newarea,targeted_seed46_Conditional_Transformer_Risk_Generator,targeted_seed46_Conditional_Transformer_Risk_Generator,C:\Users\13411\MyPython\project\ExtremeScene\results\targeted_expanded_pool_multiseed\seed46\expanded_pool\cessnock_or_newarea\generated_samples_Conditional_Transformer_Risk_Generator.npy
1.320288405251601,0.0493881793634738,0.028484763641171706,0.3212069800845958,0.048873324418012426,0.04592763450605734,0.38253555245390825,0.03617622513502888,0.0987150010508538,0.6746769792633683,0.04481257630550504,0.05770913306602762,0.07348622158245771,49.54330967182323,0.7984910582096043,38.03530047576224,81.81467520494779,3.177252552672548,0.10028679456692698,1.6858428478240963,1.8509791558980933,7.407407407407407,0.39160839123869123,2.3000000000000007,1.2600000000000016,18.01290332504606,10.788038655179768,15.242043255386157,1.9095902266325775,0.9795462131500248,1.2882390975952136,2.3703703703703702,0.3000000000000007,0.0,0.4444444444444444,0.6666666666666666,cessnock_or_newarea,targeted_seed46_Expanded_ValSelected_Model_Ensemble,targeted_seed46_Expanded_ValSelected_Model_Ensemble,C:\Users\13411\MyPython\project\ExtremeScene\results\targeted_expanded_pool_multiseed\seed46\expanded_pool\cessnock_or_newarea\generated_samples_Expanded_ValSelected_Model_Ensemble.npy
1.320288405251601,0.0493881793634738,0.028484763641171706,0.3212069800845958,0.048873324418012426,0.04592763450605734,0.38253555245390825,0.03617622513502888,0.0987150010508538,0.6746769792633683,0.04481257630550504,0.05770913306602762,0.07348622158245771,49.54330967182323,0.7984910582096043,38.03530047576224,81.81467520494779,3.177252552672548,0.10028679456692698,1.6858428478240963,1.8509791558980933,7.407407407407407,0.39160839123869123,2.3000000000000007,1.2600000000000016,18.01290332504606,10.788038655179768,15.242043255386157,1.9095902266325775,0.9795462131500248,1.2882390975952136,2.3703703703703702,0.3000000000000007,0.0,0.4444444444444444,0.6666666666666666,cessnock_or_newarea,targeted_seed46_Expanded_ValSelected_Model_Ensemble_Margin_0.05,targeted_seed46_Expanded_ValSelected_Model_Ensemble_Margin_0.05,C:\Users\13411\MyPython\project\ExtremeScene\results\targeted_expanded_pool_multiseed\seed46\expanded_pool\cessnock_or_newarea\generated_samples_Expanded_ValSelected_Model_Ensemble_Margin_0.05.npy
1.1866239336292437,0.047652946627093726,0.02776055621362075,0.45683918325593975,0.0714773252373571,0.037967266217834715,0.42689631951899665,0.04094263951217161,0.12216376420052816,0.6901198121347267,0.05335763712554081,0.06263052887732788,0.05049825374918416,53.61628455646049,0.8833583640604834,48.48617742962888,125.09183224931387,3.024440755957686,0.07755107587380737,1.9821826457977298,2.143149057030678,7.592592592592593,0.43006992966391994,4.399999999999999,9.43999999999999,18.71777268201366,9.826214311179129,37.5556131817359,1.9224449351981834,1.1257400035858147,2.084801721572875,2.7037037037037037,1.0,1.7399999999999984,0.25925925925925924,0.6296296296296297,cessnock_or_newarea,targeted_seed46_GAN_Augmented_TailWeighted_Month_EVT_Copula_Risk_Selection_Fixed,targeted_seed46_GAN_Augmented_TailWeighted_Month_EVT_Copula_Risk_Selection_Fixed,C:\Users\13411\MyPython\project\ExtremeScene\results\targeted_expanded_pool_multiseed\seed46\expanded_pool\cessnock_or_newarea\generated_samples_GAN_Augmented_TailWeighted_Month_EVT_Copula_Risk_Selection_Fixed.npy
1.3561157311922238,0.05563927496736472,0.03437034417532584,0.27107789613697086,0.05389798393852602,0.08836028513425015,0.3226175740384688,0.03759144722859841,0.05350277003140789,0.6499370671225545,0.049042902044829716,0.058744466446994624,0.04568474315174374,50.25035032884706,0.905239830825649,47.22849303634736,58.30646584188237,2.9720893932303794,0.05389213599924577,3.256001442670822,3.3676682263612747,6.037037037037037,0.32517482486784177,0.3000000000000007,1.4799999999999969,19.761809476624578,10.706416600691036,24.55742482848286,2.1878045399983725,0.8896675109863281,0.5130313491821292,2.185185185185185,0.6999999999999993,0.26000000000000156,0.25925925925925924,0.7037037037037037,cessnock_or_newarea,targeted_seed46_RiskKNN_Bootstrap_Generator,targeted_seed46_RiskKNN_Bootstrap_Generator,C:\Users\13411\MyPython\project\ExtremeScene\results\targeted_expanded_pool_multiseed\seed46\expanded_pool\cessnock_or_newarea\generated_samples_RiskKNN_Bootstrap_Generator.npy
1.320288405251601,0.0493881793634738,0.028484763641171706,0.3212069800845958,0.048873324418012426,0.04592763450605734,0.38253555245390825,0.03617622513502888,0.0987150010508538,0.6746769792633683,0.04481257630550504,0.05770913306602762,0.07348622158245771,49.54330967182323,0.7984910582096043,38.03530047576224,81.81467520494779,3.177252552672548,0.10028679456692698,1.6858428478240963,1.8509791558980933,7.407407407407407,0.39160839123869123,2.3000000000000007,1.2600000000000016,18.01290332504606,10.788038655179768,15.242043255386157,1.9095902266325775,0.9795462131500248,1.2882390975952136,2.3703703703703702,0.3000000000000007,0.0,0.4444444444444444,0.6666666666666666,cessnock_or_newarea,targeted_seed46_TailWeighted_Month_EVT_Copula_Risk_Selection_Fixed,targeted_seed46_TailWeighted_Month_EVT_Copula_Risk_Selection_Fixed,C:\Users\13411\MyPython\project\ExtremeScene\results\targeted_expanded_pool_multiseed\seed46\expanded_pool\cessnock_or_newarea\generated_samples_TailWeighted_Month_EVT_Copula_Risk_Selection_Fixed.npy
1.7268684746797194,0.06729110158099923,0.033993615635030686,0.22128049364186408,0.045931916166525026,0.04682362946049572,0.37587437610893226,0.03333496939771422,0.09552493555148674,0.7746744481435052,0.048852662381746154,0.05878072688233771,0.06452216488777424,51.90398792922494,0.9129971282714667,61.82240259930357,83.40418768179192,3.3271802635798746,0.09206633427451613,1.059087324142455,1.4263459438085562,7.666666666666667,0.4790209785687562,5.0,5.0,17.95382202009384,11.13532746036762,16.777016140891327,1.906226290596856,1.1752705574035645,1.321763668060302,2.4814814814814814,1.0,1.7399999999999984,0.4074074074074074,0.7037037037037037,cessnock_or_newarea,targeted_seed46_TransformerVAE_Augmented_TailWeighted_Copula,targeted_seed46_TransformerVAE_Augmented_TailWeighted_Copula,C:\Users\13411\MyPython\project\ExtremeScene\results\targeted_expanded_pool_multiseed\seed46\expanded_pool\cessnock_or_newarea\generated_samples_TransformerVAE_Augmented_TailWeighted_Copula.npy
0.8154028460322094,0.06259477932906675,0.07612976619417433,0.5937163851701106,0.08350919701905699,0.12420751970561861,0.6191643231889472,0.2528234482658919,0.06577004919370415,0.6760945181304224,0.1329758082046719,0.0887024450311657,0.09086154303816177,24.634703549053498,0.07233815805921891,2.2743319685732644,7.098974630849867,2.80888566977767,0.03078854701268017,3.0604507446289055,2.3720820301771184,5.814814814814815,0.25524475500378974,1.3000000000000007,0.26000000000000156,11.676231089800616,1.1608633004732312,6.629614144044112,3.1669290595584445,4.0282099723815925,4.767526607513426,2.2962962962962963,0.0,0.7399999999999984,0.5555555555555556,0.9259259259259259,cessnock_or_newarea,targeted_seed47_Conditional_NormalizingFlow_Risk_Generator,targeted_seed47_Conditional_NormalizingFlow_Risk_Generator,C:\Users\13411\MyPython\project\ExtremeScene\results\targeted_expanded_pool_multiseed\seed47\expanded_pool\cessnock_or_newarea\generated_samples_Conditional_NormalizingFlow_Risk_Generator.npy
1.2114405428431163,0.08199003700446135,0.03928081238082221,0.5344689190899439,0.08698011582611724,0.13696987014088804,0.8136402471029343,0.3266055212089244,0.036167139524054544,0.8531832363453314,0.165191891346501,0.0708059406819216,0.3044694496883358,51.008772159656054,0.7962985270053244,62.712167987298514,92.21072622251906,3.6078589850696043,0.03885079565684899,2.371476483345031,2.1987438911199586,6.777777777777778,0.367132866786273,3.1999999999999957,4.260000000000002,16.726608655850782,0.07658858063957297,2.0729532686700196,1.600006341934204,0.43471288681030273,0.5197896289825437,2.6296296296296298,0.6999999999999993,0.26000000000000156,0.2962962962962963,0.6666666666666666,cessnock_or_newarea,targeted_seed47_Conditional_TCN_Risk_Generator,targeted_seed47_Conditional_TCN_Risk_Generator,C:\Users\13411\MyPython\project\ExtremeScene\results\targeted_expanded_pool_multiseed\seed47\expanded_pool\cessnock_or_newarea\generated_samples_Conditional_TCN_Risk_Generator.npy
1.3114497202904625,0.05358419116794127,0.024998456599963314,0.37940142174801006,0.04773321056904743,0.0578707038889777,0.24640185377510732,0.12528371514131065,0.017350039399917905,0.6457509986045266,0.07553370562609978,0.03340639996295297,0.09248064360620006,51.118640680212636,0.7804844439630757,40.611892287325446,81.34435644781298,2.950572352125568,0.0002838391223416606,2.3103681206703186,2.749426941275596,6.777777777777778,0.28321678294941066,0.3000000000000007,2.9599999999999937,17.534793975130125,9.263186168991638,10.042362077002593,1.8088877819202565,0.6597292900085447,0.8314805030822754,2.4074074074074074,0.3000000000000007,1.4799999999999969,0.3333333333333333,0.7037037037037037,cessnock_or_newarea,targeted_seed47_Conditional_Transformer_Risk_Generator,targeted_seed47_Conditional_Transformer_Risk_Generator,C:\Users\13411\MyPython\project\ExtremeScene\results\targeted_expanded_pool_multiseed\seed47\expanded_pool\cessnock_or_newarea\generated_samples_Conditional_Transformer_Risk_Generator.npy
1.384162847151972,0.05900163236650039,0.018403125586753742,0.33217665127539264,0.05195402346590477,0.0709826597608611,0.2775435252381073,0.036409728709219706,0.061204211853116884,0.6646276745551574,0.04912179484720829,0.05019666573357725,0.06543968708556377,52.1811265461508,0.88484342667744,50.97498419656294,100.50775996438695,3.092422320294039,0.07407421062741902,2.90881700515747,3.485741104483605,7.333333333333333,0.3636363632930704,5.4999999999999964,7.739999999999998,19.154754238736118,15.936241719778984,26.551083171512552,2.1769028592992714,2.289830589294433,2.944434394836424,2.259259259259259,1.0,1.0,0.37037037037037035,0.6666666666666666,cessnock_or_newarea,targeted_seed47_Expanded_ValSelected_Model_Ensemble,targeted_seed47_Expanded_ValSelected_Model_Ensemble,C:\Users\13411\MyPython\project\ExtremeScene\results\targeted_expanded_pool_multiseed\seed47\expanded_pool\cessnock_or_newarea\generated_samples_Expanded_ValSelected_Model_Ensemble.npy
1.384162847151972,0.05900163236650039,0.018403125586753742,0.33217665127539264,0.05195402346590477,0.0709826597608611,0.2775435252381073,0.036409728709219706,0.061204211853116884,0.6646276745551574,0.04912179484720829,0.05019666573357725,0.06543968708556377,52.1811265461508,0.88484342667744,50.97498419656294,100.50775996438695,3.092422320294039,0.07407421062741902,2.90881700515747,3.485741104483605,7.333333333333333,0.3636363632930704,5.4999999999999964,7.739999999999998,19.154754238736118,15.936241719778984,26.551083171512552,2.1769028592992714,2.289830589294433,2.944434394836424,2.259259259259259,1.0,1.0,0.37037037037037035,0.6666666666666666,cessnock_or_newarea,targeted_seed47_Expanded_ValSelected_Model_Ensemble_Margin_0.05,targeted_seed47_Expanded_ValSelected_Model_Ensemble_Margin_0.05,C:\Users\13411\MyPython\project\ExtremeScene\results\targeted_expanded_pool_multiseed\seed47\expanded_pool\cessnock_or_newarea\generated_samples_Expanded_ValSelected_Model_Ensemble_Margin_0.05.npy
1.1866239336292437,0.047652946627093726,0.02776055621362075,0.45683918325593975,0.0714773252373571,0.037967266217834715,0.42689631951899665,0.04094263951217161,0.12216376420052816,0.6901198121347267,0.05335763712554081,0.06263052887732788,0.05049825374918416,53.61628455646049,0.8833583640604834,48.48617742962888,125.09183224931387,3.024440755957686,0.07755107587380737,1.9821826457977298,2.143149057030678,7.592592592592593,0.43006992966391994,4.399999999999999,9.43999999999999,18.71777268201366,9.826214311179129,37.5556131817359,1.9224449351981834,1.1257400035858147,2.084801721572875,2.7037037037037037,1.0,1.7399999999999984,0.25925925925925924,0.6296296296296297,cessnock_or_newarea,targeted_seed47_GAN_Augmented_TailWeighted_Month_EVT_Copula_Risk_Selection_Fixed,targeted_seed47_GAN_Augmented_TailWeighted_Month_EVT_Copula_Risk_Selection_Fixed,C:\Users\13411\MyPython\project\ExtremeScene\results\targeted_expanded_pool_multiseed\seed47\expanded_pool\cessnock_or_newarea\generated_samples_GAN_Augmented_TailWeighted_Month_EVT_Copula_Risk_Selection_Fixed.npy
1.3901403016514244,0.049091093122610056,0.02135208096370041,0.3181481080288377,0.04355236278790813,0.07914336732854742,0.35271708517297745,0.035151039469784616,0.05844147540527505,0.6870018316177465,0.0425981651267676,0.05297897456584096,0.04174005759373842,51.24185158409796,0.9540509171565608,46.995983143388955,73.51122217373138,3.112796775783257,0.06701076749148997,2.393774229288102,2.2845436775684362,6.851851851851852,0.38111888075908346,2.3999999999999986,3.7399999999999984,20.616579176434332,10.729426091657828,28.168671147299996,2.277413156297472,0.9647992134094245,0.5263440513610842,2.5925925925925926,0.0,0.7399999999999984,0.3333333333333333,0.7037037037037037,cessnock_or_newarea,targeted_seed47_RiskKNN_Bootstrap_Generator,targeted_seed47_RiskKNN_Bootstrap_Generator,C:\Users\13411\MyPython\project\ExtremeScene\results\targeted_expanded_pool_multiseed\seed47\expanded_pool\cessnock_or_newarea\generated_samples_RiskKNN_Bootstrap_Generator.npy
1.384162847151972,0.05900163236650039,0.018403125586753742,0.33217665127539264,0.05195402346590477,0.0709826597608611,0.2775435252381073,0.036409728709219706,0.061204211853116884,0.6646276745551574,0.04912179484720829,0.05019666573357725,0.06543968708556377,52.1811265461508,0.88484342667744,50.97498419656294,100.50775996438695,3.092422320294039,0.07407421062741902,2.90881700515747,3.485741104483605,7.333333333333333,0.3636363632930704,5.4999999999999964,7.739999999999998,19.154754238736118,15.936241719778984,26.551083171512552,2.1769028592992714,2.289830589294433,2.944434394836424,2.259259259259259,1.0,1.0,0.37037037037037035,0.6666666666666666,cessnock_or_newarea,targeted_seed47_TailWeighted_Month_EVT_Copula_Risk_Selection_Fixed,targeted_seed47_TailWeighted_Month_EVT_Copula_Risk_Selection_Fixed,C:\Users\13411\MyPython\project\ExtremeScene\results\targeted_expanded_pool_multiseed\seed47\expanded_pool\cessnock_or_newarea\generated_samples_TailWeighted_Month_EVT_Copula_Risk_Selection_Fixed.npy
1.591198726691336,0.055384269316637764,0.021258273733841492,0.3636122922909313,0.05945801362327728,0.06955359294076874,0.324058364215409,0.04252773568082829,0.0848376146455082,0.7596231277325588,0.05245667287358111,0.05854982710670614,0.07098143304494862,50.37996675627148,0.8332971893721434,41.77950046433945,78.99492381038608,3.052752444393398,0.08808534957145285,1.7770714521408078,1.3430481070280091,7.814814814814815,0.3951048947318939,3.3000000000000007,4.479999999999997,17.385790247874578,1.0029568760515986,29.735711163966734,2.2822308628647416,2.195033931732178,2.080150604248047,2.185185185185185,0.3000000000000007,0.0,0.2962962962962963,0.6666666666666666,cessnock_or_newarea,targeted_seed47_TransformerVAE_Augmented_TailWeighted_Copula,targeted_seed47_TransformerVAE_Augmented_TailWeighted_Copula,C:\Users\13411\MyPython\project\ExtremeScene\results\targeted_expanded_pool_multiseed\seed47\expanded_pool\cessnock_or_newarea\generated_samples_TransformerVAE_Augmented_TailWeighted_Copula.npy
