method,mean_risk_score,mean_risk_rank,wins_count,top3_count,available_dataset_count,avg_q99_cum_deficit_error,avg_core_q99_cum_deficit_error,avg_netload_ramp_max_mae,avg_imbalance_duration_mae
valprotected_x_base_copula,0.17560259194510253,22.0,1,1,3,9.755087126649334,3.972313818135968,1.9846864144007366,5.557539682539683
XBaseSelected_empirical_valprotected_copula_pool_core_ramp_guard,0.18068058014193997,16.333333333333332,1,1,3,9.755087126649334,3.972313818135968,2.042272130648295,5.905202821869488
XBaseSelected_empirical_valprotected_copula_pool_duration_guard,0.18068058014193997,16.333333333333332,1,1,3,9.755087126649334,3.972313818135968,2.042272130648295,5.905202821869488
XBaseSelected_empirical_valprotected_copula_pool_global_q99,0.18068058014193997,16.333333333333332,1,1,3,9.755087126649334,3.972313818135968,2.042272130648295,5.905202821869488
XBaseSelected_empirical_valprotected_copula_pool_paper_weights,0.18068058014193997,16.333333333333332,1,1,3,9.755087126649334,3.972313818135968,2.042272130648295,5.905202821869488
XBaseSelected_empirical_valprotected_copula_pool_q99_guard,0.18068058014193997,16.333333333333332,1,1,3,9.755087126649334,3.972313818135968,2.042272130648295,5.905202821869488
XBaseSelected_empirical_valprotected_copula_pool_global_main,0.18407376529947525,23.333333333333332,0,0,3,9.755087126649334,3.972313818135968,2.087178945541382,5.950837742504409
XBaseSelected_empirical_duration_xbase_pool_paper_weights,0.18552257440264644,12.0,0,2,3,14.248915177281015,5.786158668876598,1.7504596710205078,5.611111111111111
XBaseSelected_empirical_duration_xbase_pool_q99_guard,0.18552257440264644,12.0,0,2,3,14.248915177281015,5.786158668876598,1.7504596710205078,5.611111111111111
XBaseSelected_empirical_duration_xbase_pool_core_ramp_guard,0.18672954791412424,12.666666666666666,0,1,3,14.248915177281015,5.786158668876598,1.7602097590764363,5.642857142857142
DurationAware_RiskFirst_TCN_Empirical,0.1901879556148073,17.666666666666668,0,0,3,12.42523311927548,5.786158668876598,1.7201994485527214,6.423280423280424
XBaseSelected_empirical_duration_xbase_pool_duration_guard,0.20004248746664346,19.333333333333332,0,1,3,15.383528007124488,5.786158668876598,1.7342720031738281,6.023809523809523
XBaseSelected_val_calibrated_valprotected_copula_pool_core_ramp_guard,0.20593915345146852,28.333333333333332,1,1,3,10.747060479092676,3.972313818135968,2.280142585436503,6.02689594356261
XBaseSelected_val_calibrated_valprotected_copula_pool_paper_weights,0.20593915345146852,28.333333333333332,1,1,3,10.747060479092676,3.972313818135968,2.280142585436503,6.02689594356261
XBaseSelected_val_calibrated_duration_xbase_pool_core_ramp_guard,0.20757353462849074,22.0,0,0,3,15.383528007124488,5.786158668876598,1.7015631198883057,6.451278659611993
XBaseSelected_val_calibrated_duration_xbase_pool_paper_weights,0.20757353462849074,22.0,0,0,3,15.383528007124488,5.786158668876598,1.7015631198883057,6.451278659611993
XBaseSelected_val_calibrated_riskfirst_xbase_pool_duration_guard,0.2078274450845864,25.0,1,1,3,13.061848078289264,5.567614481391705,1.6875614921251934,6.775573192239858
XBaseSelected_val_calibrated_valprotected_copula_pool_duration_guard,0.2087164284522491,28.333333333333332,1,1,3,10.747060479092676,3.972313818135968,2.344918211301168,6.143298059964727
XBaseSelected_val_calibrated_duration_xbase_pool_q99_guard,0.21063234464075353,25.0,0,0,3,15.383528007124488,5.786158668876598,1.7056631247202556,6.479056437389771
XBaseSelected_val_calibrated_valprotected_copula_pool_q99_guard,0.21477987024180942,28.666666666666668,1,1,3,10.747060479092676,3.972313818135968,2.455056389172872,6.175044091710759
XBaseSelected_val_calibrated_riskfirst_xbase_pool_global_main,0.2195799561433758,23.666666666666668,0,0,3,19.84198954720314,5.453386919891474,1.7182217836380005,6.695546737213404
XBaseSelected_val_calibrated_duration_xbase_pool_duration_guard,0.21959770038634596,29.0,0,0,3,15.383528007124488,5.786158668876598,1.7223148345947266,6.492945326278659
XBaseSelected_val_calibrated_riskfirst_xbase_pool_global_q99,0.22122381766268961,24.0,0,0,3,19.84198954720314,5.850348874540114,1.6854149500528972,6.756834215167548
XBaseSelected_val_calibrated_riskfirst_evt_xbase_pool_global_main,0.22948171370909184,26.0,0,0,3,19.84198954720314,5.721680029827769,1.715906302134196,7.162698412698414
XBaseSelected_val_calibrated_duration_xbase_pool_global_q99,0.23045930732774092,28.333333333333332,0,0,3,20.775084953574776,5.453386919891474,1.7347205877304077,6.58531746031746
XBaseSelected_val_calibrated_duration_xbase_pool_global_main,0.23308023528225466,30.0,0,0,3,20.26781162426512,5.825523731301625,1.7495601574579875,6.698412698412699
XBaseSelected_val_calibrated_riskfirst_xbase_pool_q99_guard,0.23435697969023128,30.666666666666668,0,0,3,12.573393164303715,8.03006168395918,1.646586835384369,6.832671957671958
XBaseSelected_val_calibrated_riskfirst_xbase_pool_core_ramp_guard,0.23474650778292463,30.333333333333332,0,0,3,12.573393164303715,8.03006168395918,1.6527778108914692,6.809744268077601
XBaseSelected_val_calibrated_riskfirst_xbase_pool_paper_weights,0.23474650778292463,30.333333333333332,0,0,3,12.573393164303715,8.03006168395918,1.6527778108914692,6.809744268077601
XBaseSelected_val_calibrated_valprotected_copula_pool_global_main,0.23564804773030135,33.666666666666664,1,1,3,15.209306731054705,4.232495516360767,2.3265140453974404,6.02689594356261
XBaseSelected_empirical_riskfirst_xbase_pool_q99_guard,0.24461355844057678,26.666666666666668,0,0,3,14.541004600211906,9.889821485968188,1.618894060452779,6.209656084656085
XBaseSelected_val_calibrated_valprotected_copula_pool_global_q99,0.2455384263044916,36.333333333333336,1,1,3,15.209306731054705,4.431106115816571,2.4388413031895957,6.0586419753086425
XBaseSelected_empirical_riskfirst_xbase_pool_paper_weights,0.2458269366193315,27.0,0,0,3,14.541004600211906,9.889821485968188,1.613373080889384,6.271384479717813
XBaseSelected_empirical_riskfirst_xbase_pool_duration_guard,0.24657741195531827,28.0,0,0,3,14.541004600211906,9.889821485968188,1.6325440406799316,6.188492063492063
XBaseSelected_empirical_riskfirst_xbase_pool_core_ramp_guard,0.24898521310890329,29.0,0,0,3,13.619287290857699,9.889821485968188,1.6493332386016846,6.3048941798941796
XBaseSelected_val_calibrated_riskfirst_evt_xbase_pool_q99_guard,0.25551818603471244,38.0,0,0,3,15.559176355615586,8.995148344110662,1.6658466657002766,6.806216931216931
XBaseSelected_val_calibrated_core_xbase_pool_global_main,0.2566479859092265,30.666666666666668,0,0,3,22.50855723078858,5.928462786120306,2.0476354360580444,6.892857142857143
XBaseSelected_val_calibrated_riskfirst_evt_xbase_pool_global_q99,0.25812511467232563,34.666666666666664,0,0,3,19.84198954720314,6.402314032948897,1.7952193021774292,7.341931216931218
XBaseSelected_val_calibrated_riskfirst_evt_xbase_pool_core_ramp_guard,0.25907805210418494,39.666666666666664,0,0,3,15.559176355615586,8.995148344110662,1.661575158437093,6.942019400352734
XBaseSelected_val_calibrated_riskfirst_evt_xbase_pool_paper_weights,0.25907805210418494,39.666666666666664,0,0,3,15.559176355615586,8.995148344110662,1.661575158437093,6.942019400352734
XBaseSelected_val_calibrated_core_xbase_pool_core_ramp_guard,0.2605475045377781,40.0,0,0,3,15.559176355615586,8.995148344110662,1.8429161707560222,6.860670194003528
XBaseSelected_empirical_duration_xbase_pool_global_main,0.26850878922565247,34.333333333333336,0,0,3,21.316694265658654,9.035614193532815,1.721865177154541,5.628968253968254
XBaseSelected_val_calibrated_core_xbase_pool_paper_weights,0.26866693336985076,45.0,0,0,3,15.559176355615586,8.995148344110662,1.8521873553593953,6.95789241622575
XBaseSelected_val_calibrated_riskfirst_evt_xbase_pool_duration_guard,0.2724925495444189,45.666666666666664,0,0,3,15.559176355615586,8.995148344110662,1.693582812945048,6.969576719576719
XBaseSelected_empirical_duration_xbase_pool_global_q99,0.2727001236340027,36.333333333333336,0,0,3,21.316694265658654,9.035614193532815,1.7446399529774983,5.277777777777778
XBaseSelected_val_calibrated_core_xbase_pool_global_q99,0.27329170889536125,38.666666666666664,0,0,3,22.50855723078858,6.145002563675843,2.0510369539260864,7.087962962962963
XBaseSelected_val_calibrated_core_xbase_pool_duration_guard,0.2739619981333586,49.666666666666664,0,0,3,15.559176355615586,8.995148344110662,1.8749237457911174,6.888227513227513
XBaseSelected_val_calibrated_core_xbase_pool_q99_guard,0.27464659090425303,46.0,0,0,3,15.559176355615586,8.995148344110662,2.046050786972046,6.837962962962963
XBaseSelected_empirical_riskfirst_evt_xbase_pool_core_ramp_guard,0.2775980143439145,41.666666666666664,0,0,3,14.59127753025505,10.85490814611967,1.6763328313827515,6.301587301587301
XBaseSelected_empirical_riskfirst_xbase_pool_global_main,0.27813355358180525,33.333333333333336,0,0,3,21.85648780395087,10.957924461193421,1.6192689339319866,5.497354497354498
XBaseSelected_empirical_riskfirst_evt_xbase_pool_q99_guard,0.2845383723948225,42.0,0,0,3,19.149100761901867,10.85490814611967,1.6458936134974163,6.2063492063492065
XBaseSelected_empirical_riskfirst_evt_xbase_pool_paper_weights,0.2857517364724648,44.666666666666664,0,0,3,19.149100761901867,10.85490814611967,1.6403725544611614,6.268077601410934
XBaseSelected_empirical_riskfirst_xbase_pool_global_q99,0.2875157436669215,36.666666666666664,0,0,3,21.80165036427465,11.861589687910481,1.6307286024093628,5.364858906525573
XBaseSelected_empirical_core_xbase_pool_core_ramp_guard,0.2935944741443604,44.0,0,0,3,17.790078232991515,10.85490814611967,1.735469937324524,6.176587301587301
XBaseSelected_empirical_riskfirst_evt_xbase_pool_duration_guard,0.2980927157258167,50.666666666666664,0,0,3,19.149100761901867,10.85490814611967,1.680220127105713,6.179232804232804
extreme_conditioned_gaussian_copula,0.29940443693295576,35.0,0,0,3,16.90061599743782,4.309523818779051,2.2082528605054974,7.468033509700176
XBaseSelected_empirical_core_xbase_pool_q99_guard,0.30053483411759513,44.333333333333336,0,0,3,22.34790146463833,10.85490814611967,1.7050307591756184,6.0813492063492065
RiskFirst_TCN_Empirical,0.3014430416034311,43.333333333333336,0,0,3,8.267417827409384,11.771689207730246,1.6627285046294242,8.44753086419753
XBaseSelected_empirical_core_xbase_pool_paper_weights,0.3017481981952375,47.0,0,0,3,22.34790146463833,10.85490814611967,1.6995097001393635,6.143077601410934
XBaseSelected_empirical_core_xbase_pool_duration_guard,0.3140891774485894,53.666666666666664,0,0,3,22.34790146463833,10.85490814611967,1.7393572727839153,6.054232804232804
ordinary_conditional_tcn,0.40602500737346353,58.333333333333336,0,0,3,43.61554855520861,11.15469216663952,1.9355904140566231,7.12037037037037
XBaseSelected_empirical_riskfirst_evt_xbase_pool_global_main,0.41016417863310045,52.333333333333336,0,0,3,30.753683482492388,15.67690194233498,1.6195644934972127,6.092151675485009
XBaseSelected_empirical_core_xbase_pool_global_main,0.4196049079015234,53.0,0,0,3,30.576376423255173,15.225010902543412,1.780287742614746,6.568342151675485
XBaseSelected_empirical_riskfirst_evt_xbase_pool_global_q99,0.4276594798799767,56.333333333333336,0,0,3,30.87945249345033,15.592154022868286,1.7369637489318848,5.899691358024692
valprotected_copula_guided_residual_conservative,0.4326306089162375,42.333333333333336,0,0,3,25.604259673340582,8.421634371129082,3.35313618183136,6.9902998236331575
XBaseSelected_empirical_core_xbase_pool_global_q99,0.4420222729793983,56.666666666666664,0,0,3,30.25262046857159,15.26038681711749,1.9339910348256428,6.520723104056437
enhanced_gan,0.44660151744766646,53.0,0,0,3,32.12266714195313,15.341598664322754,1.813699223856042,6.967372134038801
valprotected_copula_guided_residual,0.45378934106782703,42.666666666666664,0,0,3,28.55756657432875,8.858753203109297,3.532544732093811,6.529982363315696
traditional_gaussian_copula,0.6510726150609936,66.33333333333333,0,0,3,38.339353395112184,15.485462454393366,2.4596746150587254,9.763668430335096
