sample_id,event_type,core_start_time,core_end_time,start_time,end_time,core_n_steps,duration_hours,window_duration_hours,month,low_irradiance_flag,low_wind_flag,imbalance_tau,imbalance_tau_mode,delta_t_hours,cum_deficit,netload_ramp_max,imbalance_duration,netload_peak,netload_mean
S0001,寒潮,2019-02-14 23:00:00,2019-02-15 06:00:00,2019-02-14 21:00:00,2019-02-15 08:00:00,8,8,12,2,1,0,21859.458333333332,monthly_quantile,1.0,1809.5000000000036,2899.4166666666715,2.0,23481.25,19380.28472222222
S0002,寒潮,2020-02-02 17:00:00,2020-02-03 11:00:00,2020-02-02 15:00:00,2020-02-03 13:00:00,19,19,23,2,1,0,21859.458333333332,monthly_quantile,1.0,3134.458333333321,5413.916666666662,3.0,23435.58333333333,17675.45652173913
S0003,寒潮,2021-10-26 00:00:00,2021-10-26 04:00:00,2021-10-25 22:00:00,2021-10-26 06:00:00,5,5,9,10,0,0,22707.416666666664,monthly_quantile,1.0,0.0,2042.75,0.0,19836.166666666668,17688.51851851852
S0004,寒潮,2021-12-14 22:00:00,2021-12-15 05:00:00,2021-12-14 20:00:00,2021-12-15 07:00:00,8,8,12,12,0,0,23635.479166666664,monthly_quantile,1.0,6696.187500000011,2210.0833333333358,5.0,26662.833333333336,22613.61111111111
S0005,高温,2019-06-11 09:00:00,2019-06-11 15:00:00,2019-06-11 07:00:00,2019-06-11 17:00:00,7,7,11,6,0,1,22475.541666666668,monthly_quantile,1.0,52781.79166666664,2476.3333333333285,7.0,36271.66666666666,26729.371212121205
S0006,高温,2019-07-11 11:00:00,2019-07-11 15:00:00,2019-07-11 09:00:00,2019-07-11 17:00:00,5,5,9,7,0,0,26017.312499999996,monthly_quantile,1.0,236.18749999999272,1901.7500000000073,1.0,26253.49999999999,20894.7962962963
S0007,高温,2019-07-12 11:00:00,2019-07-12 15:00:00,2019-07-12 09:00:00,2019-07-12 17:00:00,5,5,9,7,0,0,26017.312499999996,monthly_quantile,1.0,1477.270833333343,2359.6666666666642,1.0,27494.58333333334,22243.824074074077
S0008,高温,2019-07-13 11:00:00,2019-07-13 15:00:00,2019-07-13 09:00:00,2019-07-13 17:00:00,5,5,9,7,0,0,26017.312499999996,monthly_quantile,1.0,1180.6875000000036,2868.1666666666642,1.0,27198.0,19833.583333333332
S0009,高温,2019-07-14 11:00:00,2019-07-14 15:00:00,2019-07-14 09:00:00,2019-07-14 17:00:00,5,5,9,7,0,0,26017.312499999996,monthly_quantile,1.0,0.0,2577.9166666666642,0.0,23626.083333333336,17121.166666666668
S0010,高温,2019-07-15 11:00:00,2019-07-15 15:00:00,2019-07-15 09:00:00,2019-07-15 17:00:00,5,5,9,7,0,0,26017.312499999996,monthly_quantile,1.0,80.35416666667516,1788.1666666666642,1.0,26097.66666666667,20112.194444444445
S0011,高温,2019-07-21 11:00:00,2019-07-21 15:00:00,2019-07-21 09:00:00,2019-07-21 17:00:00,5,5,9,7,0,0,26017.312499999996,monthly_quantile,1.0,0.0,3021.8333333333285,0.0,25550.249999999996,16841.685185185182
S0012,高温,2019-07-22 11:00:00,2019-07-22 15:00:00,2019-07-22 09:00:00,2019-07-22 17:00:00,5,5,9,7,1,0,26017.312499999996,monthly_quantile,1.0,18051.833333333332,3411.5833333333394,4.0,33444.99999999999,25692.944444444445
S0013,高温,2019-07-26 11:00:00,2019-07-26 15:00:00,2019-07-26 09:00:00,2019-07-26 17:00:00,5,5,9,7,0,0,26017.312499999996,monthly_quantile,1.0,12225.104166666675,2056.4166666666715,5.0,31099.083333333336,25673.51851851852
S0014,高温,2019-07-27 10:00:00,2019-07-27 16:00:00,2019-07-27 08:00:00,2019-07-27 18:00:00,7,7,11,7,1,0,26017.312499999996,monthly_quantile,1.0,15359.83333333334,3277.4166666666533,4.0,33974.16666666666,23620.272727272724
S0015,高温,2019-07-28 09:00:00,2019-07-28 16:00:00,2019-07-28 07:00:00,2019-07-28 18:00:00,8,8,12,7,1,0,26017.312499999996,monthly_quantile,1.0,9732.645833333332,2920.4166666666715,3.0,31732.416666666664,22181.29861111111
S0016,高温,2019-08-02 11:00:00,2019-08-02 15:00:00,2019-08-02 09:00:00,2019-08-02 17:00:00,5,5,9,8,0,0,27881.145833333336,monthly_quantile,1.0,414.1875,1982.3333333333285,1.0,28295.333333333336,22409.657407407405
S0017,高温,2019-08-03 10:00:00,2019-08-03 15:00:00,2019-08-03 08:00:00,2019-08-03 17:00:00,6,6,10,8,0,0,27881.145833333336,monthly_quantile,1.0,38.937499999989086,2335.1666666666642,1.0,27920.083333333325,20548.074999999997
S0018,高温,2019-08-04 10:00:00,2019-08-04 15:00:00,2019-08-04 08:00:00,2019-08-04 17:00:00,6,6,10,8,0,0,27881.145833333336,monthly_quantile,1.0,0.0,2581.083333333332,0.0,27664.083333333332,19085.591666666667
S0019,高温,2019-08-05 10:00:00,2019-08-05 15:00:00,2019-08-05 08:00:00,2019-08-05 17:00:00,6,6,10,8,0,0,27881.145833333336,monthly_quantile,1.0,5970.395833333321,2385.5833333333358,3.0,31986.91666666667,24149.5
S0020,高温,2019-08-06 11:00:00,2019-08-06 15:00:00,2019-08-06 09:00:00,2019-08-06 17:00:00,5,5,9,8,1,0,27881.145833333336,monthly_quantile,1.0,15702.16666666665,2701.083333333332,4.0,34245.25,27736.629629629624
S0021,高温,2019-08-12 12:00:00,2019-08-12 15:00:00,2019-08-12 10:00:00,2019-08-12 17:00:00,4,4,8,8,0,0,27881.145833333336,monthly_quantile,1.0,1191.354166666657,2198.9166666666642,1.0,29072.499999999993,22362.729166666664
S0022,高温,2019-08-13 10:00:00,2019-08-13 15:00:00,2019-08-13 08:00:00,2019-08-13 17:00:00,6,6,10,8,0,0,27881.145833333336,monthly_quantile,1.0,5687.7083333333285,2181.1666666666642,2.0,31797.916666666664,23460.00833333333
S0023,高温,2019-08-14 09:00:00,2019-08-14 16:00:00,2019-08-14 07:00:00,2019-08-14 18:00:00,8,8,12,8,1,0,27881.145833333336,monthly_quantile,1.0,24566.35416666665,3081.0000000000073,5.0,37690.91666666667,26295.604166666668
S0024,高温,2019-08-15 09:00:00,2019-08-15 16:00:00,2019-08-15 07:00:00,2019-08-15 18:00:00,8,8,12,8,1,0,27881.145833333336,monthly_quantile,1.0,20928.93749999997,3040.2500000000073,5.0,36612.50000000001,26151.50694444444
S0025,高温,2019-08-16 09:00:00,2019-08-16 16:00:00,2019-08-16 07:00:00,2019-08-16 18:00:00,8,8,12,8,1,0,27881.145833333336,monthly_quantile,1.0,6999.645833333332,3146.7499999999964,3.0,32785.5,23804.44444444445
S0026,高温,2019-08-17 11:00:00,2019-08-17 14:00:00,2019-08-17 09:00:00,2019-08-17 16:00:00,4,4,8,8,0,0,27881.145833333336,monthly_quantile,1.0,0.0,1912.1666666666642,0.0,19125.25,14939.947916666664
S0027,高温,2019-08-21 10:00:00,2019-08-21 15:00:00,2019-08-21 08:00:00,2019-08-21 17:00:00,6,6,10,8,0,0,27881.145833333336,monthly_quantile,1.0,539.5208333333358,2185.9166666666715,1.0,28420.66666666667,21022.225
S0028,高温,2019-08-22 11:00:00,2019-08-22 15:00:00,2019-08-22 09:00:00,2019-08-22 17:00:00,5,5,9,8,0,0,27881.145833333336,monthly_quantile,1.0,1893.7708333333212,2835.5833333333285,1.0,29774.916666666657,22418.537037037036
S0029,高温,2019-08-23 10:00:00,2019-08-23 15:00:00,2019-08-23 08:00:00,2019-08-23 17:00:00,6,6,10,8,0,0,27881.145833333336,monthly_quantile,1.0,1668.937499999989,2696.249999999989,1.0,29550.083333333325,22223.766666666663
S0030,高温,2019-08-24 10:00:00,2019-08-24 15:00:00,2019-08-24 08:00:00,2019-08-24 17:00:00,6,6,10,8,0,0,27881.145833333336,monthly_quantile,1.0,1361.2708333333321,3212.9166666666606,1.0,29242.416666666668,20442.85833333333
S0031,高温,2019-08-25 09:00:00,2019-08-25 16:00:00,2019-08-25 07:00:00,2019-08-25 18:00:00,8,8,12,8,0,0,27881.145833333336,monthly_quantile,1.0,7405.874999999982,3877.999999999989,2.0,33523.08333333332,20959.40972222222
S0032,高温,2019-08-26 09:00:00,2019-08-26 16:00:00,2019-08-26 07:00:00,2019-08-26 18:00:00,8,8,12,8,0,1,27881.145833333336,monthly_quantile,1.0,27131.85416666665,2834.0000000000146,5.0,37840.91666666667,27481.958333333332
S0033,高温,2019-08-27 09:00:00,2019-08-27 16:00:00,2019-08-27 07:00:00,2019-08-27 18:00:00,8,8,12,8,1,1,27881.145833333336,monthly_quantile,1.0,23748.354166666628,2957.3333333333285,5.0,37463.24999999999,27124.29861111111
S0034,高温,2019-08-28 10:00:00,2019-08-28 15:00:00,2019-08-28 08:00:00,2019-08-28 17:00:00,6,6,10,8,1,0,27881.145833333336,monthly_quantile,1.0,1891.5208333333358,2740.166666666679,1.0,29772.66666666667,22794.175
S0035,高温,2019-08-29 11:00:00,2019-08-29 15:00:00,2019-08-29 09:00:00,2019-08-29 17:00:00,5,5,9,8,0,0,27881.145833333336,monthly_quantile,1.0,2053.770833333332,2329.916666666668,1.0,29934.916666666668,23053.97222222222
S0036,高温,2019-08-30 11:00:00,2019-08-30 15:00:00,2019-08-30 09:00:00,2019-08-30 17:00:00,5,5,9,8,0,0,27881.145833333336,monthly_quantile,1.0,4109.791666666657,2181.916666666657,2.0,31026.999999999993,23907.87962962963
S0037,高温,2019-08-31 10:00:00,2019-08-31 16:00:00,2019-08-31 08:00:00,2019-08-31 18:00:00,7,7,11,8,0,0,27881.145833333336,monthly_quantile,1.0,7541.124999999989,4047.9166666666824,2.0,33675.66666666667,22040.44696969697
S0038,高温,2019-09-01 10:00:00,2019-09-01 16:00:00,2019-09-01 08:00:00,2019-09-01 18:00:00,7,7,11,9,1,0,26109.3125,monthly_quantile,1.0,14174.062499999985,3680.0833333333285,3.0,34065.99999999999,22328.181818181816
S0039,高温,2019-09-03 11:00:00,2019-09-03 15:00:00,2019-09-03 09:00:00,2019-09-03 17:00:00,5,5,9,9,1,0,26109.3125,monthly_quantile,1.0,27688.10416666665,2331.9166666666642,5.0,35208.99999999999,27979.898148148146
S0040,高温,2019-09-04 10:00:00,2019-09-04 15:00:00,2019-09-04 08:00:00,2019-09-04 17:00:00,6,6,10,9,1,0,26109.3125,monthly_quantile,1.0,37814.54166666666,2408.8333333333503,6.0,37630.41666666667,28817.725
S0041,高温,2019-09-13 11:00:00,2019-09-13 15:00:00,2019-09-13 09:00:00,2019-09-13 17:00:00,5,5,9,9,1,0,26109.3125,monthly_quantile,1.0,21816.916666666635,2740.0000000000146,4.0,35419.91666666667,25874.814814814814
S0042,高温,2019-09-14 10:00:00,2019-09-14 15:00:00,2019-09-14 08:00:00,2019-09-14 17:00:00,6,6,10,9,1,0,26109.3125,monthly_quantile,1.0,10744.47916666666,3199.916666666668,3.0,32609.250000000004,22428.691666666666
S0043,高温,2020-05-27 11:00:00,2020-05-27 15:00:00,2020-05-27 09:00:00,2020-05-27 17:00:00,5,5,9,5,0,0,19349.458333333332,monthly_quantile,1.0,21194.375000000004,1830.3333333333285,5.0,26585.83333333333,20449.84259259259
S0044,高温,2020-05-28 11:00:00,2020-05-28 15:00:00,2020-05-28 09:00:00,2020-05-28 17:00:00,5,5,9,5,0,0,19349.458333333332,monthly_quantile,1.0,9715.749999999996,2239.0833333333358,4.0,24580.666666666664,18390.787037037033
S0045,高温,2020-06-22 11:00:00,2020-06-22 16:00:00,2020-06-22 09:00:00,2020-06-22 18:00:00,6,6,10,6,1,0,22475.541666666668,monthly_quantile,1.0,7602.791666666664,2992.666666666668,3.0,27760.333333333332,19103.3
S0046,高温,2020-06-23 10:00:00,2020-06-23 15:00:00,2020-06-23 08:00:00,2020-06-23 17:00:00,6,6,10,6,0,0,22475.541666666668,monthly_quantile,1.0,3270.6666666666642,2493.75,2.0,25357.75,18452.041666666664
S0047,高温,2020-06-26 11:00:00,2020-06-26 15:00:00,2020-06-26 09:00:00,2020-06-26 17:00:00,5,5,9,6,0,0,22475.541666666668,monthly_quantile,1.0,4591.291666666657,2529.5833333333285,3.0,25341.166666666668,19011.296296296292
S0048,高温,2020-07-04 12:00:00,2020-07-04 15:00:00,2020-07-04 10:00:00,2020-07-04 17:00:00,4,4,8,7,0,0,26017.312499999996,monthly_quantile,1.0,0.0,2452.2500000000073,0.0,20390.333333333336,14385.208333333332
S0049,高温,2020-07-05 11:00:00,2020-07-05 15:00:00,2020-07-05 09:00:00,2020-07-05 17:00:00,5,5,9,7,0,0,26017.312499999996,monthly_quantile,1.0,0.0,2545.3333333333285,0.0,22116.833333333332,14104.31481481481
S0050,高温,2020-07-09 11:00:00,2020-07-09 15:00:00,2020-07-09 09:00:00,2020-07-09 17:00:00,5,5,9,7,0,0,26017.312499999996,monthly_quantile,1.0,587.8541666666679,2116.5,1.0,26605.166666666664,19030.157407407405
S0051,高温,2020-07-10 10:00:00,2020-07-10 16:00:00,2020-07-10 08:00:00,2020-07-10 18:00:00,7,7,11,7,1,0,26017.312499999996,monthly_quantile,1.0,15029.75,2954.8333333333285,4.0,33322.83333333333,22861.916666666664
S0052,高温,2020-07-11 09:00:00,2020-07-11 16:00:00,2020-07-11 07:00:00,2020-07-11 18:00:00,8,8,12,7,1,0,26017.312499999996,monthly_quantile,1.0,15842.750000000007,3166.75,4.0,33683.916666666664,22824.784722222223
S0053,高温,2020-07-12 09:00:00,2020-07-12 16:00:00,2020-07-12 07:00:00,2020-07-12 18:00:00,8,8,12,7,1,0,26017.312499999996,monthly_quantile,1.0,11916.645833333332,3385.7499999999927,3.0,32999.33333333333,21035.83333333333
S0054,高温,2020-07-13 10:00:00,2020-07-13 15:00:00,2020-07-13 08:00:00,2020-07-13 17:00:00,6,6,10,7,0,0,26017.312499999996,monthly_quantile,1.0,1863.2708333333394,2136.5833333333358,1.0,27880.583333333336,21291.583333333336
S0055,高温,2020-07-14 11:00:00,2020-07-14 15:00:00,2020-07-14 09:00:00,2020-07-14 17:00:00,5,5,9,7,0,0,26017.312499999996,monthly_quantile,1.0,0.0,2137.583333333332,0.0,24358.416666666664,18184.231481481478
S0056,高温,2020-07-15 11:00:00,2020-07-15 15:00:00,2020-07-15 09:00:00,2020-07-15 17:00:00,5,5,9,7,0,0,26017.312499999996,monthly_quantile,1.0,0.0,1924.1666666666715,0.0,23988.41666666667,18082.083333333332
S0057,高温,2020-07-16 11:00:00,2020-07-16 15:00:00,2020-07-16 09:00:00,2020-07-16 17:00:00,5,5,9,7,0,0,26017.312499999996,monthly_quantile,1.0,0.0,2208.25,0.0,23946.666666666664,17706.462962962964
S0058,高温,2020-07-17 11:00:00,2020-07-17 15:00:00,2020-07-17 09:00:00,2020-07-17 17:00:00,5,5,9,7,0,0,26017.312499999996,monthly_quantile,1.0,0.0,2643.916666666668,0.0,24101.25,17776.37037037037
S0059,高温,2020-07-18 10:00:00,2020-07-18 15:00:00,2020-07-18 08:00:00,2020-07-18 17:00:00,6,6,10,7,0,0,26017.312499999996,monthly_quantile,1.0,0.0,2618.6666666666642,0.0,23778.083333333336,16107.400000000003
S0060,高温,2020-07-19 10:00:00,2020-07-19 15:00:00,2020-07-19 08:00:00,2020-07-19 17:00:00,6,6,10,7,0,0,26017.312499999996,monthly_quantile,1.0,0.0,2861.9166666666606,0.0,20542.249999999996,13068.641666666666
S0061,高温,2020-07-20 12:00:00,2020-07-20 15:00:00,2020-07-20 10:00:00,2020-07-20 17:00:00,4,4,8,7,0,0,26017.312499999996,monthly_quantile,1.0,0.0,2204.1666666666715,0.0,21976.250000000004,16084.499999999998
S0062,高温,2020-07-21 11:00:00,2020-07-21 14:00:00,2020-07-21 09:00:00,2020-07-21 16:00:00,4,4,8,7,0,0,26017.312499999996,monthly_quantile,1.0,0.0,1986.0833333333285,0.0,23513.75,18471.739583333332
S0063,高温,2020-07-26 10:00:00,2020-07-26 15:00:00,2020-07-26 08:00:00,2020-07-26 17:00:00,6,6,10,7,0,0,26017.312499999996,monthly_quantile,1.0,0.0,2582.1666666666642,0.0,23491.75,14922.291666666666
S0064,高温,2020-07-27 11:00:00,2020-07-27 15:00:00,2020-07-27 09:00:00,2020-07-27 17:00:00,5,5,9,7,0,0,26017.312499999996,monthly_quantile,1.0,0.0,2422.166666666657,0.0,24938.416666666657,18615.19444444444
S0065,高温,2020-07-28 11:00:00,2020-07-28 15:00:00,2020-07-28 09:00:00,2020-07-28 17:00:00,5,5,9,7,0,0,26017.312499999996,monthly_quantile,1.0,0.0,2064.416666666668,0.0,25250.25,18668.36111111111
S0066,高温,2020-07-29 10:00:00,2020-07-29 16:00:00,2020-07-29 08:00:00,2020-07-29 18:00:00,7,7,11,7,1,0,26017.312499999996,monthly_quantile,1.0,6494.541666666661,3729.833333333325,2.0,31129.49999999999,20122.47727272727
S0067,高温,2020-07-30 10:00:00,2020-07-30 16:00:00,2020-07-30 08:00:00,2020-07-30 18:00:00,7,7,11,7,1,0,26017.312499999996,monthly_quantile,1.0,8485.29166666666,3892.5833333333394,2.0,32206.249999999996,20651.666666666668
S0068,高温,2020-07-31 10:00:00,2020-07-31 16:00:00,2020-07-31 08:00:00,2020-07-31 18:00:00,7,7,11,7,1,0,26017.312499999996,monthly_quantile,1.0,9818.312500000015,3173.333333333332,3.0,32252.500000000004,22267.295454545456
S0069,高温,2020-08-01 10:00:00,2020-08-01 16:00:00,2020-08-01 08:00:00,2020-08-01 18:00:00,7,7,11,8,1,0,27881.145833333336,monthly_quantile,1.0,1476.187499999989,4422.749999999989,1.0,29357.333333333325,17934.15909090909
S0070,高温,2020-08-02 10:00:00,2020-08-02 15:00:00,2020-08-02 08:00:00,2020-08-02 17:00:00,6,6,10,8,0,0,27881.145833333336,monthly_quantile,1.0,0.0,2919.3333333333358,0.0,22911.916666666664,14071.941666666666
S0071,高温,2020-08-03 10:00:00,2020-08-03 15:00:00,2020-08-03 08:00:00,2020-08-03 17:00:00,6,6,10,8,0,0,27881.145833333336,monthly_quantile,1.0,0.0,2360.0833333333358,0.0,26016.66666666667,18613.541666666668
S0072,高温,2020-08-04 12:00:00,2020-08-04 15:00:00,2020-08-04 10:00:00,2020-08-04 17:00:00,4,4,8,8,0,0,27881.145833333336,monthly_quantile,1.0,0.0,2240.0000000000073,0.0,22691.16666666667,16987.78125
S0073,高温,2020-08-08 12:00:00,2020-08-08 15:00:00,2020-08-08 10:00:00,2020-08-08 17:00:00,4,4,8,8,0,0,27881.145833333336,monthly_quantile,1.0,0.0,2612.9166666666642,0.0,23341.666666666664,16307.75
S0074,高温,2020-08-09 10:00:00,2020-08-09 16:00:00,2020-08-09 08:00:00,2020-08-09 18:00:00,7,7,11,8,1,0,27881.145833333336,monthly_quantile,1.0,1114.1041666666606,4362.416666666661,1.0,28995.249999999996,16897.515151515152
S0075,高温,2020-08-10 10:00:00,2020-08-10 15:00:00,2020-08-10 08:00:00,2020-08-10 17:00:00,6,6,10,8,0,0,27881.145833333336,monthly_quantile,1.0,0.0,2404.3333333333285,0.0,26943.83333333333,19608.88333333333
S0076,高温,2020-08-12 11:00:00,2020-08-12 15:00:00,2020-08-12 09:00:00,2020-08-12 17:00:00,5,5,9,8,0,0,27881.145833333336,monthly_quantile,1.0,3101.104166666668,3112.7500000000036,1.0,30982.250000000004,21601.34259259259
S0077,高温,2020-08-13 11:00:00,2020-08-13 15:00:00,2020-08-13 09:00:00,2020-08-13 17:00:00,5,5,9,8,0,0,27881.145833333336,monthly_quantile,1.0,13740.833333333318,2287.166666666668,4.0,34222.083333333336,27901.24074074074
S0078,高温,2020-08-14 08:00:00,2020-08-14 17:00:00,2020-08-14 06:00:00,2020-08-14 19:00:00,10,10,14,8,1,1,27881.145833333336,monthly_quantile,1.0,60932.8958333333,2644.75,7.0,41641.58333333332,30491.857142857138
S0079,高温,2020-08-15 08:00:00,2020-08-15 17:00:00,2020-08-15 06:00:00,2020-08-15 19:00:00,10,10,14,8,1,1,27881.145833333336,monthly_quantile,1.0,62632.74999999997,3113.1666666666642,8.0,40301.5,30601.684523809523
S0080,高温,2020-08-16 08:00:00,2020-08-16 16:00:00,2020-08-16 06:00:00,2020-08-16 18:00:00,9,9,13,8,1,1,27881.145833333336,monthly_quantile,1.0,23349.6875,3355.5,5.0,37974.583333333336,26541.39102564102
S0081,高温,2020-08-17 08:00:00,2020-08-17 17:00:00,2020-08-17 06:00:00,2020-08-17 19:00:00,10,10,14,8,1,1,27881.145833333336,monthly_quantile,1.0,60541.87499999996,2719.6666666666642,10.0,39942.25,31781.66071428571
S0082,高温,2020-08-18 08:00:00,2020-08-18 16:00:00,2020-08-18 06:00:00,2020-08-18 18:00:00,9,9,13,8,1,0,27881.145833333336,monthly_quantile,1.0,75133.45833333328,3072.8333333333285,10.0,41417.416666666664,33459.28846153846
S0083,高温,2020-08-19 09:00:00,2020-08-19 15:00:00,2020-08-19 07:00:00,2020-08-19 17:00:00,7,7,11,8,1,1,27881.145833333336,monthly_quantile,1.0,40080.06249999999,2254.6666666666642,7.0,37298.0,31113.560606060604
S0084,高温,2020-08-20 10:00:00,2020-08-20 15:00:00,2020-08-20 08:00:00,2020-08-20 17:00:00,6,6,10,8,1,1,27881.145833333336,monthly_quantile,1.0,25533.93749999997,2508.833333333321,5.0,36015.75,28407.275
S0085,高温,2020-08-21 10:00:00,2020-08-21 15:00:00,2020-08-21 08:00:00,2020-08-21 17:00:00,6,6,10,8,1,0,27881.145833333336,monthly_quantile,1.0,31187.624999999978,2630.8333333333285,6.0,37442.0,29825.11666666667
S0086,高温,2020-08-22 10:00:00,2020-08-22 15:00:00,2020-08-22 08:00:00,2020-08-22 17:00:00,6,6,10,8,1,0,27881.145833333336,monthly_quantile,1.0,18172.66666666665,3059.7500000000036,4.0,34422.083333333336,27229.9
S0087,高温,2020-08-23 10:00:00,2020-08-23 15:00:00,2020-08-23 08:00:00,2020-08-23 17:00:00,6,6,10,8,1,0,27881.145833333336,monthly_quantile,1.0,10573.145833333321,2584.0833333333285,3.0,33344.333333333336,24747.725
S0088,高温,2020-08-24 10:00:00,2020-08-24 15:00:00,2020-08-24 08:00:00,2020-08-24 17:00:00,6,6,10,8,1,0,27881.145833333336,monthly_quantile,1.0,21880.020833333314,2625.0833333333358,5.0,36336.666666666664,28005.98333333333
S0089,高温,2020-08-25 10:00:00,2020-08-25 15:00:00,2020-08-25 08:00:00,2020-08-25 17:00:00,6,6,10,8,1,0,27881.145833333336,monthly_quantile,1.0,9511.395833333328,2534.25,3.0,33362.583333333336,25125.791666666668
S0090,高温,2020-08-26 11:00:00,2020-08-26 15:00:00,2020-08-26 09:00:00,2020-08-26 17:00:00,5,5,9,8,1,0,27881.145833333336,monthly_quantile,1.0,3169.458333333321,2179.2499999999927,2.0,30555.499999999993,24403.324074074073
S0091,高温,2020-08-27 11:00:00,2020-08-27 15:00:00,2020-08-27 09:00:00,2020-08-27 17:00:00,5,5,9,8,1,0,27881.145833333336,monthly_quantile,1.0,4575.124999999982,2710.250000000011,2.0,31523.833333333332,24209.33333333333
S0092,高温,2020-08-28 11:00:00,2020-08-28 15:00:00,2020-08-28 09:00:00,2020-08-28 17:00:00,5,5,9,8,1,0,27881.145833333336,monthly_quantile,1.0,2266.520833333325,3045.9166666666642,1.0,30147.66666666666,22640.76851851852
S0093,高温,2020-08-31 12:00:00,2020-08-31 15:00:00,2020-08-31 10:00:00,2020-08-31 17:00:00,4,4,8,8,1,0,27881.145833333336,monthly_quantile,1.0,0.0,2745.4999999999964,0.0,26373.749999999996,19989.906249999996
S0094,高温,2020-09-03 11:00:00,2020-09-03 15:00:00,2020-09-03 09:00:00,2020-09-03 17:00:00,5,5,9,9,1,1,26109.3125,monthly_quantile,1.0,2088.3541666666533,2518.9166666666606,1.0,28197.666666666653,20741.388888888887
S0095,高温,2020-09-04 10:00:00,2020-09-04 16:00:00,2020-09-04 08:00:00,2020-09-04 18:00:00,7,7,11,9,1,1,26109.3125,monthly_quantile,1.0,22952.33333333333,3399.5833333333358,4.0,36497.333333333336,24501.121212121212
S0096,高温,2020-09-05 09:00:00,2020-09-05 16:00:00,2020-09-05 07:00:00,2020-09-05 18:00:00,8,8,12,9,1,0,26109.3125,monthly_quantile,1.0,55299.12499999997,3677.2500000000146,6.0,42658.25,27672.61805555556
S0097,高温,2020-09-06 08:00:00,2020-09-06 17:00:00,2020-09-06 06:00:00,2020-09-06 19:00:00,10,10,14,9,1,1,26109.3125,monthly_quantile,1.0,81273.83333333331,3346.666666666657,8.0,43013.5,30053.523809523806
S0098,高温,2020-09-07 08:00:00,2020-09-07 15:00:00,2020-09-07 06:00:00,2020-09-07 17:00:00,8,8,12,9,1,0,26109.3125,monthly_quantile,1.0,23160.93749999997,2416.416666666679,5.0,34851.5,26538.84722222222
S0099,高温,2020-09-28 11:00:00,2020-09-28 14:00:00,2020-09-28 09:00:00,2020-09-28 16:00:00,4,4,8,9,0,0,26109.3125,monthly_quantile,1.0,8112.958333333318,3029.7499999999927,2.0,31402.666666666653,22667.79166666666
S0100,高温,2020-09-30 11:00:00,2020-09-30 15:00:00,2020-09-30 09:00:00,2020-09-30 17:00:00,5,5,9,9,0,0,26109.3125,monthly_quantile,1.0,30693.270833333292,3621.0,5.0,38072.58333333332,27451.601851851847
S0101,高温,2020-10-01 10:00:00,2020-10-01 15:00:00,2020-10-01 08:00:00,2020-10-01 17:00:00,6,6,10,10,0,1,22707.416666666664,monthly_quantile,1.0,54333.75,3655.333333333314,6.0,38948.58333333332,27462.833333333332
S0102,高温,2020-10-02 11:00:00,2020-10-02 15:00:00,2020-10-02 09:00:00,2020-10-02 17:00:00,5,5,9,10,1,1,22707.416666666664,monthly_quantile,1.0,42720.000000000015,3320.6666666666715,6.0,36768.66666666667,26536.222222222223
S0103,高温,2020-10-03 11:00:00,2020-10-03 14:00:00,2020-10-03 09:00:00,2020-10-03 16:00:00,4,4,8,10,0,1,22707.416666666664,monthly_quantile,1.0,10351.416666666682,3012.0000000000036,3.0,29163.750000000004,20541.791666666664
S0104,高温,2021-06-15 11:00:00,2021-06-15 15:00:00,2021-06-15 09:00:00,2021-06-15 17:00:00,5,5,9,6,0,0,22475.541666666668,monthly_quantile,1.0,10957.458333333328,3350.999999999989,3.0,29460.083333333325,20055.38888888889
S0105,高温,2021-06-16 09:00:00,2021-06-16 16:00:00,2021-06-16 07:00:00,2021-06-16 18:00:00,8,8,12,6,1,0,22475.541666666668,monthly_quantile,1.0,26872.791666666635,2686.1666666666606,5.0,32017.499999999993,23173.75694444444
S0106,高温,2021-06-17 09:00:00,2021-06-17 16:00:00,2021-06-17 07:00:00,2021-06-17 18:00:00,8,8,12,6,1,0,22475.541666666668,monthly_quantile,1.0,38555.583333333314,2898.916666666668,6.0,34007.74999999999,24418.84722222222
S0107,高温,2021-06-18 09:00:00,2021-06-18 16:00:00,2021-06-18 07:00:00,2021-06-18 18:00:00,8,8,12,6,1,0,22475.541666666668,monthly_quantile,1.0,35992.624999999985,2242.9166666666715,7.0,32465.0,24728.416666666668
S0108,高温,2021-06-19 10:00:00,2021-06-19 16:00:00,2021-06-19 08:00:00,2021-06-19 18:00:00,7,7,11,6,1,0,22475.541666666668,monthly_quantile,1.0,6094.499999999982,3568.083333333332,2.0,27306.833333333325,18682.499999999996
S0109,高温,2021-06-20 09:00:00,2021-06-20 15:00:00,2021-06-20 07:00:00,2021-06-20 17:00:00,7,7,11,6,0,0,22475.541666666668,monthly_quantile,1.0,0.0,2721.6666666666715,0.0,19612.833333333332,12272.363636363636
S0110,高温,2021-06-21 11:00:00,2021-06-21 14:00:00,2021-06-21 09:00:00,2021-06-21 16:00:00,4,4,8,6,0,0,22475.541666666668,monthly_quantile,1.0,0.0,1968.9166666666679,0.0,19722.166666666668,15070.5625
S0111,高温,2021-06-26 10:00:00,2021-06-26 16:00:00,2021-06-26 08:00:00,2021-06-26 18:00:00,7,7,11,6,1,0,22475.541666666668,monthly_quantile,1.0,1854.0416666666642,3910.583333333332,1.0,24329.583333333332,14731.310606060606
S0112,高温,2021-06-27 09:00:00,2021-06-27 16:00:00,2021-06-27 07:00:00,2021-06-27 18:00:00,8,8,12,6,1,0,22475.541666666668,monthly_quantile,1.0,4664.083333333321,3236.0,2.0,26425.58333333333,15874.312499999995
S0113,高温,2021-06-28 10:00:00,2021-06-28 16:00:00,2021-06-28 08:00:00,2021-06-28 18:00:00,7,7,11,6,1,0,22475.541666666668,monthly_quantile,1.0,17265.74999999997,2487.0,4.0,29498.74999999999,20747.06818181818
S0114,高温,2021-07-02 10:00:00,2021-07-02 15:00:00,2021-07-02 08:00:00,2021-07-02 17:00:00,6,6,10,7,0,0,26017.312499999996,monthly_quantile,1.0,1643.1875000000073,2764.583333333332,1.0,27660.500000000004,19931.76666666667
S0115,高温,2021-07-03 11:00:00,2021-07-03 14:00:00,2021-07-03 09:00:00,2021-07-03 16:00:00,4,4,8,7,0,0,26017.312499999996,monthly_quantile,1.0,0.0,1709.2500000000036,0.0,20916.166666666664,16419.364583333332
S0116,高温,2021-07-04 12:00:00,2021-07-04 15:00:00,2021-07-04 10:00:00,2021-07-04 17:00:00,4,4,8,7,0,0,26017.312499999996,monthly_quantile,1.0,0.0,2702.750000000002,0.0,17783.666666666664,12220.927083333332
S0117,高温,2021-07-05 11:00:00,2021-07-05 15:00:00,2021-07-05 09:00:00,2021-07-05 17:00:00,5,5,9,7,0,0,26017.312499999996,monthly_quantile,1.0,0.0,2324.666666666675,0.0,19890.833333333336,13218.824074074073
S0118,高温,2021-07-06 11:00:00,2021-07-06 15:00:00,2021-07-06 09:00:00,2021-07-06 17:00:00,5,5,9,7,0,0,26017.312499999996,monthly_quantile,1.0,0.0,2127.5000000000036,0.0,21323.750000000004,15996.574074074073
S0119,高温,2021-07-07 10:00:00,2021-07-07 16:00:00,2021-07-07 08:00:00,2021-07-07 18:00:00,7,7,11,7,1,0,26017.312499999996,monthly_quantile,1.0,2536.7708333333394,3571.0833333333358,1.0,28554.083333333336,18932.378787878788
S0120,高温,2021-07-08 09:00:00,2021-07-08 16:00:00,2021-07-08 07:00:00,2021-07-08 18:00:00,8,8,12,7,1,0,26017.312499999996,monthly_quantile,1.0,16079.500000000015,2951.75,4.0,33818.083333333336,23143.43055555555
S0121,高温,2021-07-09 08:00:00,2021-07-09 16:00:00,2021-07-09 06:00:00,2021-07-09 18:00:00,9,9,13,7,1,0,26017.312499999996,monthly_quantile,1.0,23556.95833333335,2263.1666666666642,6.0,33905.41666666667,25589.884615384617
S0122,高温,2021-07-10 08:00:00,2021-07-10 17:00:00,2021-07-10 06:00:00,2021-07-10 19:00:00,10,10,14,7,1,0,26017.312499999996,monthly_quantile,1.0,14359.479166666664,3261.416666666668,3.0,34059.66666666667,22120.01785714286
S0123,高温,2021-07-11 09:00:00,2021-07-11 16:00:00,2021-07-11 07:00:00,2021-07-11 18:00:00,8,8,12,7,1,0,26017.312499999996,monthly_quantile,1.0,1984.2708333333358,3537.4166666666606,1.0,28001.583333333332,17390.145833333332
S0124,高温,2021-07-12 10:00:00,2021-07-12 15:00:00,2021-07-12 08:00:00,2021-07-12 17:00:00,6,6,10,7,1,0,26017.312499999996,monthly_quantile,1.0,39.93750000000364,2032.0833333333358,1.0,26057.25,20162.925
S0125,高温,2021-07-13 11:00:00,2021-07-13 15:00:00,2021-07-13 09:00:00,2021-07-13 17:00:00,5,5,9,7,0,0,26017.312499999996,monthly_quantile,1.0,137.85416666666788,1894.7500000000073,1.0,26155.166666666664,21170.72222222222
S0126,高温,2021-07-14 11:00:00,2021-07-14 14:00:00,2021-07-14 09:00:00,2021-07-14 16:00:00,4,4,8,7,0,0,26017.312499999996,monthly_quantile,1.0,0.0,1723.583333333343,0.0,24218.500000000007,19347.458333333336
S0127,高温,2021-07-16 12:00:00,2021-07-16 15:00:00,2021-07-16 10:00:00,2021-07-16 17:00:00,4,4,8,7,0,0,26017.312499999996,monthly_quantile,1.0,0.0,2303.4999999999927,0.0,24618.499999999993,18770.020833333332
S0128,高温,2021-07-17 10:00:00,2021-07-17 15:00:00,2021-07-17 08:00:00,2021-07-17 17:00:00,6,6,10,7,0,0,26017.312499999996,monthly_quantile,1.0,78.52083333332848,2642.7499999999927,1.0,26095.833333333325,17829.1
S0129,高温,2021-07-20 11:00:00,2021-07-20 15:00:00,2021-07-20 09:00:00,2021-07-20 17:00:00,5,5,9,7,0,0,26017.312499999996,monthly_quantile,1.0,4388.708333333336,2060.5,2.0,29146.75,23097.916666666664
S0130,高温,2021-07-21 12:00:00,2021-07-21 15:00:00,2021-07-21 10:00:00,2021-07-21 17:00:00,4,4,8,7,0,0,26017.312499999996,monthly_quantile,1.0,6228.562500000015,2123.916666666668,3.0,30097.666666666668,23989.59375
S0131,高温,2021-07-22 11:00:00,2021-07-22 14:00:00,2021-07-22 09:00:00,2021-07-22 16:00:00,4,4,8,7,0,0,26017.312499999996,monthly_quantile,1.0,2749.958333333343,2641.4166666666642,2.0,28609.416666666664,21979.166666666664
S0132,高温,2021-07-23 11:00:00,2021-07-23 14:00:00,2021-07-23 09:00:00,2021-07-23 16:00:00,4,4,8,7,0,0,26017.312499999996,monthly_quantile,1.0,1974.708333333343,2187.5833333333358,2.0,27800.333333333336,21732.833333333332
S0133,高温,2021-07-27 11:00:00,2021-07-27 14:00:00,2021-07-27 09:00:00,2021-07-27 16:00:00,4,4,8,7,0,0,26017.312499999996,monthly_quantile,1.0,338.0208333333321,2270.1666666666642,1.0,26355.33333333333,20313.395833333332
S0134,高温,2021-07-28 11:00:00,2021-07-28 15:00:00,2021-07-28 09:00:00,2021-07-28 17:00:00,5,5,9,7,1,0,26017.312499999996,monthly_quantile,1.0,6265.062499999996,2505.25,3.0,29681.749999999985,23350.34259259259
S0135,高温,2021-07-29 11:00:00,2021-07-29 15:00:00,2021-07-29 09:00:00,2021-07-29 17:00:00,5,5,9,7,0,0,26017.312499999996,monthly_quantile,1.0,9025.729166666682,2426.6666666666715,3.0,30921.41666666667,23567.09259259259
S0136,高温,2021-08-01 11:00:00,2021-08-01 15:00:00,2021-08-01 09:00:00,2021-08-01 17:00:00,5,5,9,8,0,0,27881.145833333336,monthly_quantile,1.0,0.0,2359.8333333333358,0.0,23293.416666666664,15669.0
S0137,高温,2021-08-02 11:00:00,2021-08-02 15:00:00,2021-08-02 09:00:00,2021-08-02 17:00:00,5,5,9,8,0,0,27881.145833333336,monthly_quantile,1.0,1231.7708333333358,2290.0,1.0,29112.91666666667,20981.37962962963
S0138,高温,2021-08-03 10:00:00,2021-08-03 16:00:00,2021-08-03 08:00:00,2021-08-03 18:00:00,7,7,11,8,1,0,27881.145833333336,monthly_quantile,1.0,7379.312499999978,3523.666666666679,3.0,33331.416666666664,22285.462121212124
S0139,高温,2021-08-04 10:00:00,2021-08-04 15:00:00,2021-08-04 08:00:00,2021-08-04 17:00:00,6,6,10,8,0,0,27881.145833333336,monthly_quantile,1.0,777.9375,2389.4166666666642,1.0,28659.083333333336,20791.308333333334
S0140,高温,2021-08-05 11:00:00,2021-08-05 15:00:00,2021-08-05 09:00:00,2021-08-05 17:00:00,5,5,9,8,0,0,27881.145833333336,monthly_quantile,1.0,0.0,2708.3333333333285,0.0,25440.58333333333,19189.259259259255
S0141,高温,2021-08-06 12:00:00,2021-08-06 15:00:00,2021-08-06 10:00:00,2021-08-06 17:00:00,4,4,8,8,0,0,27881.145833333336,monthly_quantile,1.0,0.0,2548.9166666666497,0.0,25119.416666666657,19097.979166666664
S0142,高温,2021-08-07 11:00:00,2021-08-07 15:00:00,2021-08-07 09:00:00,2021-08-07 17:00:00,5,5,9,8,0,0,27881.145833333336,monthly_quantile,1.0,0.0,3131.4166666666642,0.0,24800.58333333333,16700.185185185182
S0143,高温,2021-08-08 11:00:00,2021-08-08 15:00:00,2021-08-08 09:00:00,2021-08-08 17:00:00,5,5,9,8,0,0,27881.145833333336,monthly_quantile,1.0,0.0,3675.2499999999964,0.0,23132.166666666664,14082.240740740739
S0144,高温,2021-08-09 11:00:00,2021-08-09 15:00:00,2021-08-09 09:00:00,2021-08-09 17:00:00,5,5,9,8,0,0,27881.145833333336,monthly_quantile,1.0,1508.4374999999854,2725.833333333321,1.0,29389.58333333332,20932.435185185182
S0145,高温,2021-08-10 10:00:00,2021-08-10 16:00:00,2021-08-10 08:00:00,2021-08-10 18:00:00,7,7,11,8,1,1,27881.145833333336,monthly_quantile,1.0,15679.833333333307,4041.7500000000073,4.0,36547.25,24211.393939393936
S0146,高温,2021-08-11 10:00:00,2021-08-11 15:00:00,2021-08-11 08:00:00,2021-08-11 17:00:00,6,6,10,8,0,0,27881.145833333336,monthly_quantile,1.0,12194.229166666646,2813.666666666675,3.0,34014.99999999999,26029.50833333333
S0147,高温,2021-08-12 11:00:00,2021-08-12 15:00:00,2021-08-12 09:00:00,2021-08-12 17:00:00,5,5,9,8,0,0,27881.145833333336,monthly_quantile,1.0,6254.708333333336,2777.1666666666642,2.0,32397.083333333336,24004.68518518519
S0148,高温,2021-08-13 11:00:00,2021-08-13 15:00:00,2021-08-13 09:00:00,2021-08-13 17:00:00,5,5,9,8,1,0,27881.145833333336,monthly_quantile,1.0,0.0,1991.833333333343,0.0,27256.666666666664,20663.58333333333
S0149,高温,2021-08-14 10:00:00,2021-08-14 16:00:00,2021-08-14 08:00:00,2021-08-14 18:00:00,7,7,11,8,1,0,27881.145833333336,monthly_quantile,1.0,2954.187499999989,2966.0,1.0,30835.333333333325,22383.553030303025
S0150,高温,2021-08-15 10:00:00,2021-08-15 16:00:00,2021-08-15 08:00:00,2021-08-15 18:00:00,7,7,11,8,1,0,27881.145833333336,monthly_quantile,1.0,2477.770833333325,3416.3333333333394,1.0,30358.91666666666,21255.106060606056
S0151,高温,2021-08-16 10:00:00,2021-08-16 16:00:00,2021-08-16 08:00:00,2021-08-16 18:00:00,7,7,11,8,1,0,27881.145833333336,monthly_quantile,1.0,14254.249999999975,2680.333333333325,4.0,35058.499999999985,25799.378787878784
S0152,高温,2021-08-26 11:00:00,2021-08-26 15:00:00,2021-08-26 09:00:00,2021-08-26 17:00:00,5,5,9,8,0,0,27881.145833333336,monthly_quantile,1.0,1958.9375,3501.2500000000146,1.0,29840.083333333336,20327.12037037037
S0153,高温,2021-08-27 10:00:00,2021-08-27 16:00:00,2021-08-27 08:00:00,2021-08-27 18:00:00,7,7,11,8,1,0,27881.145833333336,monthly_quantile,1.0,14217.562499999978,4895.416666666657,3.0,36827.24999999999,22986.143939393936
S0154,高温,2021-08-28 10:00:00,2021-08-28 16:00:00,2021-08-28 08:00:00,2021-08-28 18:00:00,7,7,11,8,1,0,27881.145833333336,monthly_quantile,1.0,10220.541666666653,4610.166666666675,2.0,35296.5,21382.08333333333
S0155,高温,2021-08-29 09:00:00,2021-08-29 16:00:00,2021-08-29 07:00:00,2021-08-29 18:00:00,8,8,12,8,1,0,27881.145833333336,monthly_quantile,1.0,6214.874999999989,4337.833333333339,2.0,33157.5,20666.041666666664
S0156,高温,2021-08-30 10:00:00,2021-08-30 15:00:00,2021-08-30 08:00:00,2021-08-30 17:00:00,6,6,10,8,1,0,27881.145833333336,monthly_quantile,1.0,3034.624999999978,2576.5000000000036,2.0,30465.833333333325,22497.23333333333
S0157,高温,2021-09-04 11:00:00,2021-09-04 15:00:00,2021-09-04 09:00:00,2021-09-04 17:00:00,5,5,9,9,1,0,26109.3125,monthly_quantile,1.0,463.5208333333285,4394.749999999993,1.0,26572.83333333333,15754.48148148148
S0158,高温,2021-09-05 10:00:00,2021-09-05 15:00:00,2021-09-05 08:00:00,2021-09-05 17:00:00,6,6,10,9,1,1,26109.3125,monthly_quantile,1.0,3035.604166666668,4542.500000000004,1.0,29144.916666666668,16714.433333333334
S0159,高温,2021-09-06 10:00:00,2021-09-06 15:00:00,2021-09-06 08:00:00,2021-09-06 17:00:00,6,6,10,9,1,0,26109.3125,monthly_quantile,1.0,5538.708333333332,3807.833333333332,2.0,30782.583333333332,19324.6
S0160,高温,2021-09-07 09:00:00,2021-09-07 16:00:00,2021-09-07 07:00:00,2021-09-07 18:00:00,8,8,12,9,1,1,26109.3125,monthly_quantile,1.0,23288.83333333332,3813.916666666679,4.0,37049.16666666667,24403.36805555555
S0161,高温,2021-09-08 10:00:00,2021-09-08 16:00:00,2021-09-08 08:00:00,2021-09-08 18:00:00,7,7,11,9,1,0,26109.3125,monthly_quantile,1.0,32391.9375,3593.5833333333503,5.0,39152.25000000001,25740.348484848484
S0162,高温,2021-09-09 10:00:00,2021-09-09 15:00:00,2021-09-09 08:00:00,2021-09-09 17:00:00,6,6,10,9,1,0,26109.3125,monthly_quantile,1.0,22671.083333333314,2988.8333333333358,4.0,35356.75,25828.93333333333
S0163,高温,2021-09-12 11:00:00,2021-09-12 15:00:00,2021-09-12 09:00:00,2021-09-12 17:00:00,5,5,9,9,1,0,26109.3125,monthly_quantile,1.0,1503.4374999999927,4347.749999999993,1.0,27612.749999999993,17191.314814814818
S0164,高温,2021-09-13 11:00:00,2021-09-13 15:00:00,2021-09-13 09:00:00,2021-09-13 17:00:00,5,5,9,9,1,0,26109.3125,monthly_quantile,1.0,3769.9375000000036,3897.666666666668,1.0,29879.250000000004,20123.398148148146
S0165,高温,2021-09-14 11:00:00,2021-09-14 15:00:00,2021-09-14 09:00:00,2021-09-14 17:00:00,5,5,9,9,1,0,26109.3125,monthly_quantile,1.0,2602.104166666668,4126.166666666668,1.0,28711.416666666668,19180.62037037037
S0166,大风/沙尘暴,2019-01-05 09:00:00,2019-01-05 15:00:00,2019-01-05 07:00:00,2019-01-05 17:00:00,7,7,11,1,1,0,22820.145833333332,monthly_quantile,1.0,4501.645833333339,1651.4999999999964,3.0,25838.583333333332,22439.803030303032
S0167,大风/沙尘暴,2019-01-16 08:00:00,2019-01-16 16:00:00,2019-01-16 06:00:00,2019-01-16 18:00:00,9,9,13,1,1,0,22820.145833333332,monthly_quantile,1.0,9732.91666666666,2565.916666666668,4.0,26855.25,21899.79487179487
S0168,大风/沙尘暴,2019-01-16 18:00:00,2019-01-16 21:00:00,2019-01-16 16:00:00,2019-01-16 23:00:00,4,4,8,1,0,0,22820.145833333332,monthly_quantile,1.0,16487.29166666666,2565.916666666668,6.0,26855.25,24417.520833333332
S0169,大风/沙尘暴,2019-01-17 07:00:00,2019-01-17 13:00:00,2019-01-17 05:00:00,2019-01-17 15:00:00,7,7,11,1,1,0,22820.145833333332,monthly_quantile,1.0,734.6875000000036,2386.333333333332,1.0,23554.833333333336,21420.14393939394
S0170,大风/沙尘暴,2019-01-21 07:00:00,2019-01-21 15:00:00,2019-01-21 05:00:00,2019-01-21 17:00:00,9,9,13,1,1,0,22820.145833333332,monthly_quantile,1.0,867.7708333333358,5355.833333333332,1.0,23687.916666666668,15066.403846153844
S0171,大风/沙尘暴,2019-02-02 04:00:00,2019-02-02 15:00:00,2019-02-02 02:00:00,2019-02-02 17:00:00,12,12,16,2,1,0,21859.458333333332,monthly_quantile,1.0,1134.7916666666679,2674.1666666666715,1.0,22994.25,18676.973958333332
S0172,大风/沙尘暴,2019-02-03 11:00:00,2019-02-03 14:00:00,2019-02-03 09:00:00,2019-02-03 16:00:00,4,4,8,2,1,0,21859.458333333332,monthly_quantile,1.0,0.0,3437.8333333333394,0.0,17419.25,13514.354166666664
S0173,大风/沙尘暴,2019-02-04 07:00:00,2019-02-04 15:00:00,2019-02-04 05:00:00,2019-02-04 17:00:00,9,9,13,2,1,0,21859.458333333332,monthly_quantile,1.0,3108.7916666666642,4009.75,1.0,24968.249999999996,19004.814102564105
S0174,大风/沙尘暴,2019-02-09 10:00:00,2019-02-09 15:00:00,2019-02-09 08:00:00,2019-02-09 17:00:00,6,6,10,2,1,0,21859.458333333332,monthly_quantile,1.0,241.79166666666424,4705.249999999996,1.0,22101.249999999996,14849.733333333332
S0175,大风/沙尘暴,2019-02-10 10:00:00,2019-02-10 15:00:00,2019-02-10 08:00:00,2019-02-10 17:00:00,6,6,10,2,1,0,21859.458333333332,monthly_quantile,1.0,0.0,5466.750000000002,0.0,21629.333333333336,13532.083333333332
S0176,大风/沙尘暴,2019-02-13 00:00:00,2019-02-13 03:00:00,2019-02-12 22:00:00,2019-02-13 05:00:00,4,4,8,2,0,0,21859.458333333332,monthly_quantile,1.0,1961.4583333333358,1851.4999999999927,1.0,23820.916666666668,19616.270833333332
S0177,大风/沙尘暴,2019-02-13 06:00:00,2019-02-13 15:00:00,2019-02-13 04:00:00,2019-02-13 17:00:00,10,10,14,2,1,0,21859.458333333332,monthly_quantile,1.0,11017.499999999985,2643.5833333333394,6.0,26321.916666666664,21633.14285714286
S0178,大风/沙尘暴,2019-02-13 19:00:00,2019-02-14 21:00:00,2019-02-13 17:00:00,2019-02-14 23:00:00,27,27,31,2,1,0,21859.458333333332,monthly_quantile,1.0,36389.45833333333,3144.1666666666715,15.0,27193.249999999996,21680.0564516129
S0179,大风/沙尘暴,2019-02-15 09:00:00,2019-02-15 15:00:00,2019-02-15 07:00:00,2019-02-15 17:00:00,7,7,11,2,1,0,21859.458333333332,monthly_quantile,1.0,2697.75,3121.5833333333358,2.0,24369.499999999996,18561.234848484848
S0180,大风/沙尘暴,2019-02-16 08:00:00,2019-02-16 15:00:00,2019-02-16 06:00:00,2019-02-16 17:00:00,8,8,12,2,1,0,21859.458333333332,monthly_quantile,1.0,0.0,5579.250000000007,0.0,20202.333333333336,12603.319444444445
S0181,大风/沙尘暴,2019-02-21 11:00:00,2019-02-21 14:00:00,2019-02-21 09:00:00,2019-02-21 16:00:00,4,4,8,2,1,0,21859.458333333332,monthly_quantile,1.0,0.0,2150.4999999999927,0.0,20315.91666666666,17595.21875
S0182,大风/沙尘暴,2019-03-06 08:00:00,2019-03-06 15:00:00,2019-03-06 06:00:00,2019-03-06 17:00:00,8,8,12,3,1,0,20626.562499999993,monthly_quantile,1.0,5566.97916666669,3839.5,3.0,23621.416666666668,18971.99305555555
S0183,大风/沙尘暴,2019-03-12 19:00:00,2019-03-12 23:00:00,2019-03-12 17:00:00,2019-03-13 01:00:00,5,5,9,3,0,0,20626.562499999993,monthly_quantile,1.0,10264.250000000022,5712.416666666675,4.0,24006.0,20539.1574074074
S0184,大风/沙尘暴,2019-03-13 08:00:00,2019-03-13 15:00:00,2019-03-13 06:00:00,2019-03-13 17:00:00,8,8,12,3,1,0,20626.562499999993,monthly_quantile,1.0,77.35416666667516,4006.4999999999945,1.0,20703.916666666668,11755.465277777776
S0185,大风/沙尘暴,2019-03-27 10:00:00,2019-03-27 15:00:00,2019-03-27 08:00:00,2019-03-27 17:00:00,6,6,10,3,1,0,20626.562499999993,monthly_quantile,1.0,5.687500000007276,1883.4166666666679,1.0,20632.25,15328.824999999997
S0186,大风/沙尘暴,2019-03-28 12:00:00,2019-03-28 15:00:00,2019-03-28 10:00:00,2019-03-28 17:00:00,4,4,8,3,1,0,20626.562499999993,monthly_quantile,1.0,0.0,2749.1666666666642,0.0,13610.083333333332,10625.041666666664
S0187,大风/沙尘暴,2019-04-02 12:00:00,2019-04-02 15:00:00,2019-04-02 10:00:00,2019-04-02 17:00:00,4,4,8,4,1,0,18945.666666666664,monthly_quantile,1.0,0.0,2260.5,0.0,15608.25,12524.177083333332
S0188,大风/沙尘暴,2019-04-09 07:00:00,2019-04-09 23:00:00,2019-04-09 05:00:00,2019-04-10 01:00:00,17,17,21,4,1,0,18945.666666666664,monthly_quantile,1.0,14310.250000000004,5410.916666666668,5.0,23989.249999999996,15257.880952380952
S0189,大风/沙尘暴,2019-04-10 06:00:00,2019-04-10 16:00:00,2019-04-10 04:00:00,2019-04-10 18:00:00,11,11,15,4,1,0,18945.666666666664,monthly_quantile,1.0,1168.5000000000036,5787.666666666668,1.0,20114.166666666668,12339.583333333334
S0190,大风/沙尘暴,2019-04-12 12:00:00,2019-04-12 15:00:00,2019-04-12 10:00:00,2019-04-12 17:00:00,4,4,8,4,1,0,18945.666666666664,monthly_quantile,1.0,0.0,2252.416666666666,0.0,13370.25,10822.25
S0191,大风/沙尘暴,2019-04-20 09:00:00,2019-04-20 17:00:00,2019-04-20 07:00:00,2019-04-20 19:00:00,9,9,13,4,1,0,18945.666666666664,monthly_quantile,1.0,988.7500000000036,5181.25,1.0,19934.416666666668,9529.826923076924
S0192,大风/沙尘暴,2019-04-30 10:00:00,2019-04-30 15:00:00,2019-04-30 08:00:00,2019-04-30 17:00:00,6,6,10,4,1,0,18945.666666666664,monthly_quantile,1.0,0.0,2356.0833333333394,0.0,14227.666666666668,11255.074999999999
S0193,大风/沙尘暴,2019-05-15 10:00:00,2019-05-15 16:00:00,2019-05-15 08:00:00,2019-05-15 18:00:00,7,7,11,5,1,0,19349.458333333332,monthly_quantile,1.0,5810.041666666657,2152.5,3.0,22540.83333333333,17395.446969696965
S0194,大风/沙尘暴,2019-05-16 06:00:00,2019-05-16 17:00:00,2019-05-16 04:00:00,2019-05-16 19:00:00,12,12,16,5,1,0,19349.458333333332,monthly_quantile,1.0,4603.500000000007,3950.0000000000036,4.0,21273.75,15141.109374999998
S0195,大风/沙尘暴,2019-05-18 11:00:00,2019-05-18 15:00:00,2019-05-18 09:00:00,2019-05-18 17:00:00,5,5,9,5,1,0,19349.458333333332,monthly_quantile,1.0,0.0,2225.2500000000073,0.0,17050.833333333336,12096.0
S0196,大风/沙尘暴,2019-05-19 09:00:00,2019-05-19 16:00:00,2019-05-19 07:00:00,2019-05-19 18:00:00,8,8,12,5,1,0,19349.458333333332,monthly_quantile,1.0,0.0,3082.3333333333285,0.0,16921.249999999996,11916.0
S0197,大风/沙尘暴,2019-05-21 06:00:00,2019-05-21 18:00:00,2019-05-21 04:00:00,2019-05-21 20:00:00,13,13,17,5,1,0,19349.458333333332,monthly_quantile,1.0,5322.916666666668,4157.4166666666715,2.0,22664.5,14110.42156862745
S0198,大风/沙尘暴,2019-05-26 06:00:00,2019-05-26 14:00:00,2019-05-26 04:00:00,2019-05-26 16:00:00,9,9,13,5,1,0,19349.458333333332,monthly_quantile,1.0,0.0,690.1666666666661,0.0,15133.166666666668,11281.641025641027
S0199,大风/沙尘暴,2019-06-06 11:00:00,2019-06-06 16:00:00,2019-06-06 09:00:00,2019-06-06 18:00:00,6,6,10,6,1,0,22475.541666666668,monthly_quantile,1.0,0.0,3623.0833333333358,0.0,22330.333333333336,15420.958333333334
S0200,大风/沙尘暴,2019-06-07 11:00:00,2019-06-07 16:00:00,2019-06-07 09:00:00,2019-06-07 18:00:00,6,6,10,6,1,0,22475.541666666668,monthly_quantile,1.0,0.0,3254.9166666666642,0.0,18051.25,11918.5
S0201,大风/沙尘暴,2019-06-20 08:00:00,2019-06-20 19:00:00,2019-06-20 06:00:00,2019-06-20 21:00:00,12,12,16,6,1,0,22475.541666666668,monthly_quantile,1.0,9589.54166666666,4101.500000000004,3.0,26373.416666666668,16599.713541666664
S0202,大风/沙尘暴,2019-06-21 12:00:00,2019-06-21 16:00:00,2019-06-21 10:00:00,2019-06-21 18:00:00,5,5,9,6,1,0,22475.541666666668,monthly_quantile,1.0,0.0,2803.9166666666697,0.0,18397.000000000004,12815.907407407409
S0203,大风/沙尘暴,2019-09-28 09:00:00,2019-09-28 16:00:00,2019-09-28 07:00:00,2019-09-28 18:00:00,8,8,12,9,1,0,26109.3125,monthly_quantile,1.0,0.0,4998.749999999996,0.0,21589.33333333333,12931.013888888885
S0204,大风/沙尘暴,2019-10-09 09:00:00,2019-10-09 16:00:00,2019-10-09 07:00:00,2019-10-09 18:00:00,8,8,12,10,1,0,22707.416666666664,monthly_quantile,1.0,1223.0833333333321,5750.9166666666715,1.0,23930.499999999996,14627.430555555555
S0205,大风/沙尘暴,2019-10-17 12:00:00,2019-10-17 15:00:00,2019-10-17 10:00:00,2019-10-17 17:00:00,4,4,8,10,1,0,22707.416666666664,monthly_quantile,1.0,0.0,5425.916666666668,0.0,20222.000000000004,12790.03125
S0206,大风/沙尘暴,2019-10-27 07:00:00,2019-10-27 16:00:00,2019-10-27 05:00:00,2019-10-27 18:00:00,10,10,14,10,1,0,22707.416666666664,monthly_quantile,1.0,0.0,5273.166666666664,0.0,20425.083333333332,11578.809523809525
S0207,大风/沙尘暴,2019-11-19 11:00:00,2019-11-19 15:00:00,2019-11-19 09:00:00,2019-11-19 17:00:00,5,5,9,11,1,0,22354.0625,monthly_quantile,1.0,5354.875,2486.8333333333358,2.0,26274.916666666668,19679.76851851852
S0208,大风/沙尘暴,2019-11-20 08:00:00,2019-11-20 15:00:00,2019-11-20 06:00:00,2019-11-20 17:00:00,8,8,12,11,1,0,22354.0625,monthly_quantile,1.0,5426.458333333332,2832.6666666666642,2.0,26131.333333333332,20005.090277777777
S0209,大风/沙尘暴,2019-11-25 09:00:00,2019-11-25 15:00:00,2019-11-25 07:00:00,2019-11-25 17:00:00,7,7,11,11,1,0,22354.0625,monthly_quantile,1.0,3007.208333333332,4299.583333333332,2.0,25340.666666666668,15953.098484848482
S0210,大风/沙尘暴,2019-11-26 15:00:00,2019-11-27 01:00:00,2019-11-26 13:00:00,2019-11-27 03:00:00,11,11,15,11,1,0,22354.0625,monthly_quantile,1.0,22579.645833333325,2770.333333333332,7.0,27134.416666666668,22301.55555555555
S0211,大风/沙尘暴,2019-11-27 08:00:00,2019-11-27 12:00:00,2019-11-27 06:00:00,2019-11-27 14:00:00,5,5,9,11,1,0,22354.0625,monthly_quantile,1.0,778.1041666666679,873.9166666666642,1.0,23132.166666666668,20868.879629629628
S0212,大风/沙尘暴,2019-12-22 09:00:00,2019-12-22 12:00:00,2019-12-22 07:00:00,2019-12-22 14:00:00,4,4,8,12,1,0,23635.479166666664,monthly_quantile,1.0,0.0,1725.0,0.0,20349.5,18276.583333333332
S0213,大风/沙尘暴,2020-02-02 10:00:00,2020-02-02 21:00:00,2020-02-02 08:00:00,2020-02-02 23:00:00,12,12,16,2,1,0,21859.458333333332,monthly_quantile,1.0,616.3749999999964,5413.916666666662,1.0,22475.83333333333,14816.276041666664
S0214,大风/沙尘暴,2020-02-03 06:00:00,2020-02-03 15:00:00,2020-02-03 04:00:00,2020-02-03 17:00:00,10,10,14,2,1,0,21859.458333333332,monthly_quantile,1.0,6053.541666666661,5574.749999999996,3.0,25394.916666666668,16835.297619047615
S0215,大风/沙尘暴,2020-02-04 08:00:00,2020-02-04 15:00:00,2020-02-04 06:00:00,2020-02-04 17:00:00,8,8,12,2,1,0,21859.458333333332,monthly_quantile,1.0,10829.208333333336,6243.0,3.0,26972.41666666666,16915.187499999996
S0216,大风/沙尘暴,2020-02-09 08:00:00,2020-02-09 15:00:00,2020-02-09 06:00:00,2020-02-09 17:00:00,8,8,12,2,1,0,21859.458333333332,monthly_quantile,1.0,0.0,5110.916666666668,0.0,21397.999999999993,12838.659722222219
S0217,大风/沙尘暴,2020-02-10 09:00:00,2020-02-10 14:00:00,2020-02-10 07:00:00,2020-02-10 16:00:00,6,6,10,2,1,0,21859.458333333332,monthly_quantile,1.0,539.6249999999964,5139.750000000004,1.0,22399.08333333333,15399.708333333328
S0218,大风/沙尘暴,2020-03-01 08:00:00,2020-03-01 16:00:00,2020-03-01 06:00:00,2020-03-01 18:00:00,9,9,13,3,1,0,20626.562499999993,monthly_quantile,1.0,3932.9583333333467,4485.666666666668,2.0,23600.083333333336,13717.948717948719
S0219,大风/沙尘暴,2020-03-02 07:00:00,2020-03-02 15:00:00,2020-03-02 05:00:00,2020-03-02 17:00:00,9,9,13,3,1,0,20626.562499999993,monthly_quantile,1.0,3279.791666666679,6929.6666666666715,2.0,22605.5,14989.891025641024
S0220,大风/沙尘暴,2020-03-13 11:00:00,2020-03-13 15:00:00,2020-03-13 09:00:00,2020-03-13 17:00:00,5,5,9,3,1,0,20626.562499999993,monthly_quantile,1.0,0.0,3103.6666666666715,0.0,18703.75,14862.435185185188
S0221,大风/沙尘暴,2020-03-14 11:00:00,2020-03-14 15:00:00,2020-03-14 09:00:00,2020-03-14 17:00:00,5,5,9,3,1,0,20626.562499999993,monthly_quantile,1.0,0.0,3717.4999999999964,0.0,18283.999999999996,13370.842592592591
S0222,大风/沙尘暴,2020-04-01 12:00:00,2020-04-01 16:00:00,2020-04-01 10:00:00,2020-04-01 18:00:00,5,5,9,4,1,0,18945.666666666664,monthly_quantile,1.0,0.0,6166.5,0.0,17129.916666666668,9085.490740740739
S0223,大风/沙尘暴,2020-04-04 12:00:00,2020-04-04 16:00:00,2020-04-04 10:00:00,2020-04-04 18:00:00,5,5,9,4,1,0,18945.666666666664,monthly_quantile,1.0,0.0,5545.4166666666715,0.0,15854.583333333336,8111.268518518519
S0224,大风/沙尘暴,2020-04-05 11:00:00,2020-04-05 14:00:00,2020-04-05 09:00:00,2020-04-05 16:00:00,4,4,8,4,1,0,18945.666666666664,monthly_quantile,1.0,0.0,1134.9166666666679,0.0,12886.75,11741.489583333332
S0225,大风/沙尘暴,2020-05-11 10:00:00,2020-05-11 17:00:00,2020-05-11 08:00:00,2020-05-11 19:00:00,8,8,12,5,1,0,19349.458333333332,monthly_quantile,1.0,3480.958333333332,5571.583333333338,1.0,22830.416666666664,10730.569444444443
S0226,大风/沙尘暴,2020-05-12 10:00:00,2020-05-12 17:00:00,2020-05-12 08:00:00,2020-05-12 19:00:00,8,8,12,5,1,0,19349.458333333332,monthly_quantile,1.0,1255.8749999999964,4484.25,1.0,20605.33333333333,10681.006944444443
S0227,大风/沙尘暴,2020-05-17 09:00:00,2020-05-17 16:00:00,2020-05-17 07:00:00,2020-05-17 18:00:00,8,8,12,5,1,0,19349.458333333332,monthly_quantile,1.0,0.0,4607.3333333333285,0.0,18025.249999999996,9459.680555555555
S0228,大风/沙尘暴,2020-05-18 10:00:00,2020-05-18 15:00:00,2020-05-18 08:00:00,2020-05-18 17:00:00,6,6,10,5,1,0,19349.458333333332,monthly_quantile,1.0,0.0,2309.4166666666715,0.0,13570.75,10672.374999999998
S0229,大风/沙尘暴,2020-05-19 09:00:00,2020-05-19 15:00:00,2020-05-19 07:00:00,2020-05-19 17:00:00,7,7,11,5,0,0,19349.458333333332,monthly_quantile,1.0,0.0,1657.7499999999927,0.0,13076.25,9698.643939393938
S0230,大风/沙尘暴,2020-05-22 10:00:00,2020-05-22 17:00:00,2020-05-22 08:00:00,2020-05-22 19:00:00,8,8,12,5,1,0,19349.458333333332,monthly_quantile,1.0,2818.7083333333358,4871.083333333334,1.0,22168.166666666668,11489.89583333333
S0231,大风/沙尘暴,2020-06-05 12:00:00,2020-06-05 16:00:00,2020-06-05 10:00:00,2020-06-05 18:00:00,5,5,9,6,1,0,22475.541666666668,monthly_quantile,1.0,0.0,2991.0000000000036,0.0,17718.416666666668,13296.768518518518
S0232,大风/沙尘暴,2020-06-06 10:00:00,2020-06-06 18:00:00,2020-06-06 08:00:00,2020-06-06 20:00:00,9,9,13,6,1,0,22475.541666666668,monthly_quantile,1.0,0.0,5119.416666666661,0.0,21157.416666666668,11062.134615384613
S0233,大风/沙尘暴,2020-06-07 11:00:00,2020-06-07 17:00:00,2020-06-07 09:00:00,2020-06-07 19:00:00,7,7,11,6,1,0,22475.541666666668,monthly_quantile,1.0,0.0,4836.083333333336,0.0,18262.583333333336,9787.446969696972
S0234,大风/沙尘暴,2020-06-12 11:00:00,2020-06-12 17:00:00,2020-06-12 09:00:00,2020-06-12 19:00:00,7,7,11,6,1,0,22475.541666666668,monthly_quantile,1.0,0.0,3392.9166666666715,0.0,22055.0,13745.128787878786
S0235,大风/沙尘暴,2020-06-27 14:00:00,2020-06-27 17:00:00,2020-06-27 12:00:00,2020-06-27 19:00:00,4,4,8,6,1,0,22475.541666666668,monthly_quantile,1.0,3954.7500000000036,3755.4999999999964,2.0,26330.666666666668,17460.135416666664
S0236,大风/沙尘暴,2020-06-28 05:00:00,2020-06-28 19:00:00,2020-06-28 03:00:00,2020-06-28 21:00:00,15,15,19,6,1,0,22475.541666666668,monthly_quantile,1.0,1557.3333333333285,4097.9166666666715,2.0,23375.58333333333,12952.438596491229
S0237,大风/沙尘暴,2020-07-13 10:00:00,2020-07-13 17:00:00,2020-07-13 08:00:00,2020-07-13 19:00:00,8,8,12,7,1,0,26017.312499999996,monthly_quantile,1.0,13958.062500000018,2898.75,3.0,33514.083333333336,23087.104166666668
S0238,大风/沙尘暴,2020-07-22 12:00:00,2020-07-22 15:00:00,2020-07-22 10:00:00,2020-07-22 17:00:00,4,4,8,7,0,0,26017.312499999996,monthly_quantile,1.0,0.0,2757.8333333333358,0.0,21967.833333333336,16509.96875
S0239,大风/沙尘暴,2020-10-25 10:00:00,2020-10-25 16:00:00,2020-10-25 08:00:00,2020-10-25 18:00:00,7,7,11,10,1,0,22707.416666666664,monthly_quantile,1.0,0.0,5117.583333333332,0.0,21108.83333333333,11935.83333333333
S0240,大风/沙尘暴,2020-10-26 07:00:00,2020-10-26 15:00:00,2020-10-26 05:00:00,2020-10-26 17:00:00,9,9,13,10,1,0,22707.416666666664,monthly_quantile,1.0,0.0,5802.416666666668,0.0,22250.166666666668,14996.070512820508
S0241,大风/沙尘暴,2020-11-07 08:00:00,2020-11-07 16:00:00,2020-11-07 06:00:00,2020-11-07 18:00:00,9,9,13,11,1,0,22354.0625,monthly_quantile,1.0,0.0,4845.916666666664,0.0,21912.499999999996,14843.269230769229
S0242,大风/沙尘暴,2020-11-08 07:00:00,2020-11-08 18:00:00,2020-11-08 05:00:00,2020-11-08 20:00:00,12,12,16,11,1,0,22354.0625,monthly_quantile,1.0,1844.7291666666679,3884.9166666666642,3.0,23364.0,14601.901041666664
S0243,大风/沙尘暴,2020-11-17 10:00:00,2020-11-17 13:00:00,2020-11-17 08:00:00,2020-11-17 15:00:00,4,4,8,11,1,0,22354.0625,monthly_quantile,1.0,0.0,4345.5,0.0,21177.08333333333,15238.833333333332
S0244,大风/沙尘暴,2020-12-17 11:00:00,2020-12-17 14:00:00,2020-12-17 09:00:00,2020-12-17 16:00:00,4,4,8,12,1,0,23635.479166666664,monthly_quantile,1.0,0.0,4278.833333333332,0.0,22724.166666666668,16449.447916666664
S0245,大风/沙尘暴,2021-01-19 08:00:00,2021-01-19 15:00:00,2021-01-19 06:00:00,2021-01-19 17:00:00,8,8,12,1,1,0,22820.145833333332,monthly_quantile,1.0,0.0,4270.16666666667,0.0,22628.249999999996,15403.006944444445
S0246,大风/沙尘暴,2021-01-22 10:00:00,2021-01-22 15:00:00,2021-01-22 08:00:00,2021-01-22 17:00:00,6,6,10,1,1,0,22820.145833333332,monthly_quantile,1.0,1375.0208333333358,3752.666666666657,1.0,24195.166666666668,17650.258333333328
S0247,大风/沙尘暴,2021-01-25 07:00:00,2021-01-25 18:00:00,2021-01-25 05:00:00,2021-01-25 20:00:00,12,12,16,1,1,0,22820.145833333332,monthly_quantile,1.0,10263.250000000011,4252.333333333339,4.0,26113.666666666668,18998.895833333332
S0248,大风/沙尘暴,2021-01-27 07:00:00,2021-01-27 15:00:00,2021-01-27 05:00:00,2021-01-27 17:00:00,9,9,13,1,1,0,22820.145833333332,monthly_quantile,1.0,2973.208333333332,3600.5,2.0,25744.499999999993,20103.73076923077
S0249,大风/沙尘暴,2021-02-13 08:00:00,2021-02-13 15:00:00,2021-02-13 06:00:00,2021-02-13 17:00:00,8,8,12,2,1,0,21859.458333333332,monthly_quantile,1.0,0.0,5053.749999999998,0.0,18655.33333333333,10615.166666666666
S0250,大风/沙尘暴,2021-02-16 11:00:00,2021-02-16 15:00:00,2021-02-16 09:00:00,2021-02-16 17:00:00,5,5,9,2,1,0,21859.458333333332,monthly_quantile,1.0,0.0,5877.833333333332,0.0,20708.333333333332,10477.592592592591
S0251,大风/沙尘暴,2021-02-17 11:00:00,2021-02-17 15:00:00,2021-02-17 09:00:00,2021-02-17 17:00:00,5,5,9,2,0,0,21859.458333333332,monthly_quantile,1.0,385.20833333333576,7042.416666666675,1.0,22244.666666666668,9898.111111111113
S0252,大风/沙尘暴,2021-02-20 08:00:00,2021-02-20 15:00:00,2021-02-20 06:00:00,2021-02-20 17:00:00,8,8,12,2,1,0,21859.458333333332,monthly_quantile,1.0,0.0,7539.5833333333285,0.0,17962.916666666668,8626.694444444443
S0253,大风/沙尘暴,2021-02-24 11:00:00,2021-02-24 15:00:00,2021-02-24 09:00:00,2021-02-24 17:00:00,5,5,9,2,1,0,21859.458333333332,monthly_quantile,1.0,0.0,7344.250000000004,0.0,19771.333333333332,8267.537037037033
S0254,大风/沙尘暴,2021-02-27 09:00:00,2021-02-27 15:00:00,2021-02-27 07:00:00,2021-02-27 17:00:00,7,7,11,2,1,0,21859.458333333332,monthly_quantile,1.0,0.0,7828.833333333336,0.0,17998.666666666664,6999.083333333332
S0255,大风/沙尘暴,2021-03-08 10:00:00,2021-03-08 15:00:00,2021-03-08 08:00:00,2021-03-08 17:00:00,6,6,10,3,1,0,20626.562499999993,monthly_quantile,1.0,0.0,7294.0,0.0,20475.5,8916.616666666665
S0256,大风/沙尘暴,2021-03-09 10:00:00,2021-03-09 15:00:00,2021-03-09 08:00:00,2021-03-09 17:00:00,6,6,10,3,1,0,20626.562499999993,monthly_quantile,1.0,1089.3541666666715,6961.083333333332,1.0,21715.916666666664,10511.625
S0257,大风/沙尘暴,2021-03-15 07:00:00,2021-03-15 22:00:00,2021-03-15 05:00:00,2021-03-16 00:00:00,16,16,20,3,1,0,20626.562499999993,monthly_quantile,1.0,13056.18750000003,4767.500000000004,5.0,24561.749999999996,17244.770833333332
S0258,大风/沙尘暴,2021-03-23 06:00:00,2021-03-23 17:00:00,2021-03-23 04:00:00,2021-03-23 19:00:00,12,12,16,3,1,0,20626.562499999993,monthly_quantile,1.0,1184.0208333333394,6481.500000000004,1.0,21810.583333333332,11629.989583333332
S0259,大风/沙尘暴,2021-03-25 07:00:00,2021-03-25 17:00:00,2021-03-25 05:00:00,2021-03-25 19:00:00,11,11,15,3,1,0,20626.562499999993,monthly_quantile,1.0,2246.604166666675,5509.583333333336,1.0,22873.166666666668,13896.27222222222
S0260,大风/沙尘暴,2021-03-29 12:00:00,2021-03-29 15:00:00,2021-03-29 10:00:00,2021-03-29 17:00:00,4,4,8,3,1,0,20626.562499999993,monthly_quantile,1.0,0.0,3462.6666666666715,0.0,10270.333333333334,6101.708333333331
S0261,大风/沙尘暴,2021-04-05 09:00:00,2021-04-05 16:00:00,2021-04-05 07:00:00,2021-04-05 18:00:00,8,8,12,4,1,0,18945.666666666664,monthly_quantile,1.0,0.0,5975.000000000004,0.0,18086.000000000004,8737.770833333332
S0262,大风/沙尘暴,2021-04-13 10:00:00,2021-04-13 18:00:00,2021-04-13 08:00:00,2021-04-13 20:00:00,9,9,13,4,1,0,18945.666666666664,monthly_quantile,1.0,5293.916666666668,6713.6666666666715,2.0,21596.833333333336,9885.78205128205
S0263,大风/沙尘暴,2021-04-20 11:00:00,2021-04-20 16:00:00,2021-04-20 09:00:00,2021-04-20 18:00:00,6,6,10,4,1,0,18945.666666666664,monthly_quantile,1.0,0.0,6175.249999999998,0.0,18375.91666666666,8469.174999999997
S0264,大风/沙尘暴,2021-04-21 07:00:00,2021-04-21 16:00:00,2021-04-21 05:00:00,2021-04-21 18:00:00,10,10,14,4,1,0,18945.666666666664,monthly_quantile,1.0,186.75000000000364,6534.83333333333,1.0,19132.416666666668,10030.595238095237
S0265,大风/沙尘暴,2021-04-24 11:00:00,2021-04-24 16:00:00,2021-04-24 09:00:00,2021-04-24 18:00:00,6,6,10,4,1,0,18945.666666666664,monthly_quantile,1.0,0.0,6506.66666666667,0.0,14198.833333333336,5170.291666666665
S0266,大风/沙尘暴,2021-05-01 11:00:00,2021-05-01 17:00:00,2021-05-01 09:00:00,2021-05-01 19:00:00,7,7,11,5,1,0,19349.458333333332,monthly_quantile,1.0,858.7083333333358,5363.250000000002,1.0,20208.166666666668,7925.257575757574
S0267,大风/沙尘暴,2021-05-02 08:00:00,2021-05-02 17:00:00,2021-05-02 06:00:00,2021-05-02 19:00:00,10,10,14,5,1,0,19349.458333333332,monthly_quantile,1.0,53.12499999999636,5638.249999999993,1.0,19402.58333333333,7691.446428571427
S0268,大风/沙尘暴,2021-05-03 10:00:00,2021-05-03 15:00:00,2021-05-03 08:00:00,2021-05-03 17:00:00,6,6,10,5,0,0,19349.458333333332,monthly_quantile,1.0,0.0,2870.749999999998,0.0,13502.333333333334,8845.124999999998
S0269,大风/沙尘暴,2021-05-07 12:00:00,2021-05-07 16:00:00,2021-05-07 10:00:00,2021-05-07 18:00:00,5,5,9,5,1,0,19349.458333333332,monthly_quantile,1.0,0.0,5263.333333333334,0.0,16729.166666666664,8396.027777777777
S0270,大风/沙尘暴,2021-05-08 11:00:00,2021-05-08 16:00:00,2021-05-08 09:00:00,2021-05-08 18:00:00,6,6,10,5,1,0,19349.458333333332,monthly_quantile,1.0,0.0,4470.6666666666715,0.0,15738.75,8711.474999999997
S0271,大风/沙尘暴,2021-05-15 13:00:00,2021-05-15 17:00:00,2021-05-15 11:00:00,2021-05-15 19:00:00,5,5,9,5,1,0,19349.458333333332,monthly_quantile,1.0,766.4583333333285,5701.333333333332,1.0,20115.91666666666,8871.9537037037
S0272,大风/沙尘暴,2021-05-19 11:00:00,2021-05-19 18:00:00,2021-05-19 09:00:00,2021-05-19 20:00:00,8,8,12,5,1,0,19349.458333333332,monthly_quantile,1.0,7025.333333333339,5885.833333333341,2.0,23798.916666666668,9702.715277777777
S0273,大风/沙尘暴,2021-05-20 06:00:00,2021-05-20 18:00:00,2021-05-20 04:00:00,2021-05-20 20:00:00,13,13,17,5,1,0,19349.458333333332,monthly_quantile,1.0,2656.75,4561.083333333325,2.0,21679.833333333336,11257.941176470587
S0274,大风/沙尘暴,2021-05-21 05:00:00,2021-05-21 16:00:00,2021-05-21 03:00:00,2021-05-21 18:00:00,12,12,16,5,1,0,19349.458333333332,monthly_quantile,1.0,0.0,4347.0,0.0,18565.250000000004,10540.880208333332
S0275,大风/沙尘暴,2021-06-06 12:00:00,2021-06-06 17:00:00,2021-06-06 10:00:00,2021-06-06 19:00:00,6,6,10,6,1,0,22475.541666666668,monthly_quantile,1.0,0.0,5602.083333333336,0.0,21827.750000000004,8652.249999999998
S0276,大风/沙尘暴,2021-06-07 13:00:00,2021-06-07 16:00:00,2021-06-07 11:00:00,2021-06-07 18:00:00,4,4,8,6,1,0,22475.541666666668,monthly_quantile,1.0,0.0,4036.5833333333303,0.0,15958.916666666664,11187.114583333334
S0277,大风/沙尘暴,2021-06-08 12:00:00,2021-06-08 15:00:00,2021-06-08 10:00:00,2021-06-08 17:00:00,4,4,8,6,0,0,22475.541666666668,monthly_quantile,1.0,0.0,2715.2500000000036,0.0,11846.249999999998,7680.812499999997
S0278,大风/沙尘暴,2021-06-09 11:00:00,2021-06-09 17:00:00,2021-06-09 09:00:00,2021-06-09 19:00:00,7,7,11,6,1,0,22475.541666666668,monthly_quantile,1.0,0.0,4384.916666666668,0.0,20457.916666666668,11077.0
S0279,大风/沙尘暴,2021-08-17 09:00:00,2021-08-17 18:00:00,2021-08-17 07:00:00,2021-08-17 20:00:00,10,10,14,8,1,0,27881.145833333336,monthly_quantile,1.0,13463.729166666631,4230.916666666653,3.0,33263.83333333333,23086.15476190476
S0280,大风/沙尘暴,2021-08-18 10:00:00,2021-08-18 17:00:00,2021-08-18 08:00:00,2021-08-18 19:00:00,8,8,12,8,1,0,27881.145833333336,monthly_quantile,1.0,699.8541666666642,4618.6666666666715,1.0,28581.0,17596.659722222223
S0281,大风/沙尘暴,2021-10-11 07:00:00,2021-10-12 03:00:00,2021-10-11 05:00:00,2021-10-12 05:00:00,21,21,25,10,1,0,22707.416666666664,monthly_quantile,1.0,0.0,5894.6666666666715,0.0,22254.41666666666,15422.836666666662
S0282,大风/沙尘暴,2021-10-12 07:00:00,2021-10-12 12:00:00,2021-10-12 05:00:00,2021-10-12 14:00:00,6,6,10,10,1,0,22707.416666666664,monthly_quantile,1.0,0.0,2481.3333333333394,0.0,19597.416666666668,12149.175000000003
S0283,大风/沙尘暴,2021-10-24 07:00:00,2021-10-24 15:00:00,2021-10-24 05:00:00,2021-10-24 17:00:00,9,9,13,10,1,0,22707.416666666664,monthly_quantile,1.0,0.0,5996.583333333336,0.0,20698.250000000004,12869.564102564102
S0284,大风/沙尘暴,2021-12-09 11:00:00,2021-12-09 14:00:00,2021-12-09 09:00:00,2021-12-09 16:00:00,4,4,8,12,1,0,23635.479166666664,monthly_quantile,1.0,0.0,3632.6666666666642,0.0,23035.75,18907.40625
S0285,大风/沙尘暴,2021-12-13 09:00:00,2021-12-13 14:00:00,2021-12-13 07:00:00,2021-12-13 16:00:00,6,6,10,12,1,0,23635.479166666664,monthly_quantile,1.0,1912.9375000000036,2298.833333333332,1.0,25548.416666666668,21499.275
S0286,大风/沙尘暴,2021-12-24 09:00:00,2021-12-24 14:00:00,2021-12-24 07:00:00,2021-12-24 16:00:00,6,6,10,12,1,0,23635.479166666664,monthly_quantile,1.0,0.0,5242.833333333325,0.0,20165.749999999993,13961.908333333331
S0287,大风/沙尘暴,2021-12-26 09:00:00,2021-12-26 13:00:00,2021-12-26 07:00:00,2021-12-26 15:00:00,5,5,9,12,1,0,23635.479166666664,monthly_quantile,1.0,0.0,2982.0833333333358,0.0,16131.333333333328,10450.166666666664
S0288,大风/沙尘暴,2021-12-27 10:00:00,2021-12-27 14:00:00,2021-12-27 08:00:00,2021-12-27 16:00:00,5,5,9,12,1,0,23635.479166666664,monthly_quantile,1.0,0.0,3734.2500000000036,0.0,22599.5,17333.527777777777
