dataset,method,q99_cum_deficit_error,core_q99_cum_deficit_error,netload_ramp_max_mae,imbalance_duration_mae,max_imbalance_run_mae,extreme_degree_match_rate,risk_score,risk_rank,generated_path,load_wasserstein,load_js,load_acf_mae,wind_power_wasserstein,wind_power_js,wind_power_acf_mae,solar_power_wasserstein,solar_power_js,solar_power_acf_mae,mean_wasserstein,mean_js,acf_mae,corr_matrix_error,cum_deficit_mae,cum_deficit_relative_error,q95_cum_deficit_error,netload_ramp_max_relative_error,q95_netload_ramp_max_error,q99_netload_ramp_max_error,imbalance_duration_relative_error,q95_imbalance_duration_error,q99_imbalance_duration_error,core_cum_deficit_mae,core_q95_cum_deficit_error,core_netload_ramp_max_mae,core_q95_netload_ramp_max_error,core_q99_netload_ramp_max_error,core_imbalance_duration_mae,core_q95_imbalance_duration_error,core_q99_imbalance_duration_error,extreme_degree_adjacent_match_rate,highrisk_wasserstein,highrisk_js,highrisk_acf_mae,highrisk_corr_matrix_error,highrisk_cum_deficit_mae,highrisk_q99_cum_deficit_error,highrisk_netload_ramp_max_mae,highrisk_imbalance_duration_mae,model_name,norm_q99_cum_deficit_error,norm_core_q99_cum_deficit_error,norm_netload_ramp_max_mae,norm_imbalance_duration_mae
muswellbrook,XBaseSelected_empirical_valprotected_copula_pool_paper_weights,2.0222392976818924,3.0192309498509218,1.3710986375808716,7.25,2.2916666666666665,,0.1813826036939656,1,,,,,,,,,,,,,,,,,,,,,,,,,,,,,,,,,,,,,,,,,XBaseSelected_empirical_valprotected_copula_pool_paper_weights,0.0330437636826619,0.0,0.4703439177741439,0.35922330097087385
muswellbrook,XBaseSelected_empirical_valprotected_copula_pool_core_ramp_guard,2.0222392976818924,3.0192309498509218,1.3710986375808716,7.25,2.2916666666666665,,0.1813826036939656,1,,,,,,,,,,,,,,,,,,,,,,,,,,,,,,,,,,,,,,,,,XBaseSelected_empirical_valprotected_copula_pool_core_ramp_guard,0.0330437636826619,0.0,0.4703439177741439,0.35922330097087385
muswellbrook,XBaseSelected_empirical_valprotected_copula_pool_duration_guard,2.0222392976818924,3.0192309498509218,1.3710986375808716,7.25,2.2916666666666665,,0.1813826036939656,1,,,,,,,,,,,,,,,,,,,,,,,,,,,,,,,,,,,,,,,,,XBaseSelected_empirical_valprotected_copula_pool_duration_guard,0.0330437636826619,0.0,0.4703439177741439,0.35922330097087385
muswellbrook,XBaseSelected_empirical_valprotected_copula_pool_q99_guard,2.0222392976818924,3.0192309498509218,1.3710986375808716,7.25,2.2916666666666665,,0.1813826036939656,1,,,,,,,,,,,,,,,,,,,,,,,,,,,,,,,,,,,,,,,,,XBaseSelected_empirical_valprotected_copula_pool_q99_guard,0.0330437636826619,0.0,0.4703439177741439,0.35922330097087385
muswellbrook,XBaseSelected_empirical_valprotected_copula_pool_global_q99,2.0222392976818924,3.0192309498509218,1.3710986375808716,7.25,2.2916666666666665,,0.1813826036939656,1,,,,,,,,,,,,,,,,,,,,,,,,,,,,,,,,,,,,,,,,,XBaseSelected_empirical_valprotected_copula_pool_global_q99,0.0330437636826619,0.0,0.4703439177741439,0.35922330097087385
muswellbrook,XBaseSelected_val_calibrated_valprotected_copula_pool_paper_weights,2.0222392976818924,3.0192309498509218,1.3710986375808716,7.25,2.2916666666666665,,0.1813826036939656,1,,,,,,,,,,,,,,,,,,,,,,,,,,,,,,,,,,,,,,,,,XBaseSelected_val_calibrated_valprotected_copula_pool_paper_weights,0.0330437636826619,0.0,0.4703439177741439,0.35922330097087385
muswellbrook,XBaseSelected_val_calibrated_valprotected_copula_pool_core_ramp_guard,2.0222392976818924,3.0192309498509218,1.3710986375808716,7.25,2.2916666666666665,,0.1813826036939656,1,,,,,,,,,,,,,,,,,,,,,,,,,,,,,,,,,,,,,,,,,XBaseSelected_val_calibrated_valprotected_copula_pool_core_ramp_guard,0.0330437636826619,0.0,0.4703439177741439,0.35922330097087385
muswellbrook,XBaseSelected_val_calibrated_valprotected_copula_pool_duration_guard,2.0222392976818924,3.0192309498509218,1.3710986375808716,7.25,2.2916666666666665,,0.1813826036939656,1,,,,,,,,,,,,,,,,,,,,,,,,,,,,,,,,,,,,,,,,,XBaseSelected_val_calibrated_valprotected_copula_pool_duration_guard,0.0330437636826619,0.0,0.4703439177741439,0.35922330097087385
muswellbrook,XBaseSelected_val_calibrated_valprotected_copula_pool_q99_guard,2.0222392976818924,3.0192309498509218,1.3710986375808716,7.25,2.2916666666666665,,0.1813826036939656,1,,,,,,,,,,,,,,,,,,,,,,,,,,,,,,,,,,,,,,,,,XBaseSelected_val_calibrated_valprotected_copula_pool_q99_guard,0.0330437636826619,0.0,0.4703439177741439,0.35922330097087385
muswellbrook,XBaseSelected_val_calibrated_valprotected_copula_pool_global_q99,2.0222392976818924,3.0192309498509218,1.3710986375808716,7.25,2.2916666666666665,,0.1813826036939656,1,,,,,,,,,,,,,,,,,,,,,,,,,,,,,,,,,,,,,,,,,XBaseSelected_val_calibrated_valprotected_copula_pool_global_q99,0.0330437636826619,0.0,0.4703439177741439,0.35922330097087385
muswellbrook,XBaseSelected_val_calibrated_valprotected_copula_pool_global_main,2.0222392976818924,3.0192309498509218,1.3710986375808716,7.25,2.2916666666666665,,0.1813826036939656,1,,,,,,,,,,,,,,,,,,,,,,,,,,,,,,,,,,,,,,,,,XBaseSelected_val_calibrated_valprotected_copula_pool_global_main,0.0330437636826619,0.0,0.4703439177741439,0.35922330097087385
muswellbrook,valprotected_x_base_copula,2.0222392976818924,3.0192309498509218,1.3710986375808716,7.291666666666667,2.2916666666666665,,0.18283891437357727,12,,,,,,,,,,,,,,,,,,,,,,,,,,,,,,,,,,,,,,,,,valprotected_x_base_copula,0.0330437636826619,0.0,0.4703439177741439,0.36893203883495157
muswellbrook,XBaseSelected_empirical_valprotected_copula_pool_global_main,2.0222392976818924,3.0192309498509218,1.3710986375808716,7.291666666666667,2.2916666666666665,,0.18283891437357727,12,,,,,,,,,,,,,,,,,,,,,,,,,,,,,,,,,,,,,,,,,XBaseSelected_empirical_valprotected_copula_pool_global_main,0.0330437636826619,0.0,0.4703439177741439,0.36893203883495157
muswellbrook,valprotected_copula_guided_residual,1.930529634980303,3.0192309498509218,1.346326470375061,7.833333333333333,2.2916666666666665,,0.18868099830858848,14,,,,,,,,,,,,,,,,,,,,,,,,,,,,,,,,,,,,,,,,,valprotected_copula_guided_residual,0.03146151104509964,0.0,0.4198828013394577,0.4951456310679611
muswellbrook,valprotected_copula_guided_residual_conservative,1.930529634980303,3.0192309498509218,1.346326470375061,7.833333333333333,2.2916666666666665,,0.18868099830858848,14,,,,,,,,,,,,,,,,,,,,,,,,,,,,,,,,,,,,,,,,,valprotected_copula_guided_residual_conservative,0.03146151104509964,0.0,0.4198828013394577,0.4951456310679611
muswellbrook,RiskFirst_TCN_Empirical,1.532368868113167,15.992320539484083,1.1647910201669829,8.75,4.291666666666667,0.6666666666666666,0.26388787613013387,16,C:\Users\13411\MyPython\project\ExtremeScene\results\duration_aware_riskfirst\formal\muswellbrook\generated_samples_RiskFirst_TCN_Empirical.npy,0.8716807964223404,0.1366332709760875,0.2925753163993599,0.6257917376718038,0.3126608309176207,0.2203319776954883,0.6803113810259742,0.5546273280527055,0.2801503429675833,0.7259279717067061,0.3346404766488045,0.2643525456874772,0.2305311912951494,19.66975857368351,0.005909855490213,12.42915309870736,0.0304122788998323,0.2914244700223207,1.0873653548955913,0.2305630025326136,3.849999999999998,3.229999999999997,9.023816761574048,16.057257732907825,1.3668627987305324,2.740933465957642,2.204937543869019,2.958333333333333,1.0,0.2300000000000004,0.8333333333333334,0.7891632615127255,0.4011201319620109,0.2607387533470199,0.2000869284661073,12.710789087315346,8.331468056602958,0.4488372940570116,5.0,RiskFirst_TCN_Empirical,0.024592104867047868,0.458920602790178,0.05009353688526252,0.7087378640776699
muswellbrook,XBaseSelected_empirical_riskfirst_xbase_pool_global_q99,32.514295145649,12.559506915726466,1.1549830436706543,5.708333333333333,2.1666666666666665,,0.27650983856080985,17,,,,,,,,,,,,,,,,,,,,,,,,,,,,,,,,,,,,,,,,,XBaseSelected_empirical_riskfirst_xbase_pool_global_q99,0.5591184909131858,0.33748546688083536,0.03011460489041411,0.0
muswellbrook,DurationAware_RiskFirst_TCN_Empirical,23.63941048210198,11.368621051780543,1.2303453024845414,7.0,3.0416666666666665,0.5416666666666666,0.301460547980145,18,C:\Users\13411\MyPython\project\ExtremeScene\results\duration_aware_riskfirst\formal\muswellbrook\generated_samples_DurationAware_RiskFirst_TCN_Empirical.npy,0.5002590439937733,0.0960136798245526,0.0425441229214486,0.6448962707762366,0.3674479761329007,0.2204065223645232,0.4192161933991952,0.2378314733541456,0.0249569242699162,0.5214571693897351,0.2337643764371997,0.0959691898519627,0.1526665790945698,22.05875979379798,0.181119550944293,14.485868022991625,0.0015818523777451,0.4437113795429468,0.6787274232506748,0.1179624664120348,4.699999999999996,2.699999999999996,9.149858986590669,12.87303586035964,0.8798061360915502,0.8746991872787477,0.3475767421722415,2.833333333333333,1.8499999999999976,2.0,0.875,0.6990697674992218,0.3397939123723312,0.0837387378588973,0.2145805980382861,26.15069820044464,38.06656521408176,0.506615747883916,5.4,DurationAware_RiskFirst_TCN_Empirical,0.40600147735868225,0.2953581035599891,0.18362817054632977,0.3009708737864078
muswellbrook,XBaseSelected_empirical_riskfirst_xbase_pool_global_main,32.514295145649,11.368621051780543,1.165493130683899,6.666666666666667,2.5,,0.3027190594760807,19,,,,,,,,,,,,,,,,,,,,,,,,,,,,,,,,,,,,,,,,,XBaseSelected_empirical_riskfirst_xbase_pool_global_main,0.5591184909131858,0.2953581035599891,0.05152374201224098,0.22330097087378653
muswellbrook,extreme_conditioned_gaussian_copula,1.828995761877806,5.349720561462036,1.5080390332974882,8.541666666666666,3.9166666666666665,0.5,0.31999741320936165,20,C:\Users\13411\MyPython\project\ExtremeScene\results\evt_copula\muswellbrook\generated_samples_evt_copula.npy,0.4835082667845268,0.0576839780717538,0.0377331150962458,0.334367429682364,0.0583895933466576,0.0580786771902357,0.1458762830377088,0.0283117528077262,0.0697280621820472,0.3212506598348665,0.0481284414087125,0.0551799514895096,0.0481756194221508,30.016870767789328,0.2399414151575126,20.186990465750497,0.0334960021262146,0.415571017190814,1.2652124134171745,0.0241286863115525,0.8499999999999979,1.7700000000000031,11.687624517796989,8.98291329694667,0.7486656904220581,0.7817163467407222,0.4285036373138431,2.2916666666666665,1.0,0.5399999999999991,0.7083333333333334,0.4245062935092763,0.1651139675922733,0.0669287284590864,0.0972273367589479,15.38068066825127,5.267006643799206,1.1063465487211943,7.2,extreme_conditioned_gaussian_copula,0.029709762823747227,0.08244063142919085,0.749292674879552,0.6601941747572815
muswellbrook,XBaseSelected_empirical_riskfirst_xbase_pool_paper_weights,32.514295145649,11.368621051780543,1.2298716306686401,6.375,2.375,,0.32530977346743556,21,,,,,,,,,,,,,,,,,,,,,,,,,,,,,,,,,,,,,,,,,XBaseSelected_empirical_riskfirst_xbase_pool_paper_weights,0.5591184909131858,0.2953581035599891,0.18266329700678663,0.1553398058252428
muswellbrook,XBaseSelected_empirical_riskfirst_xbase_pool_core_ramp_guard,32.514295145649,11.368621051780543,1.2298716306686401,6.375,2.375,,0.32530977346743556,21,,,,,,,,,,,,,,,,,,,,,,,,,,,,,,,,,,,,,,,,,XBaseSelected_empirical_riskfirst_xbase_pool_core_ramp_guard,0.5591184909131858,0.2953581035599891,0.18266329700678663,0.1553398058252428
muswellbrook,XBaseSelected_empirical_riskfirst_xbase_pool_duration_guard,32.514295145649,11.368621051780543,1.2298716306686401,6.375,2.375,,0.32530977346743556,21,,,,,,,,,,,,,,,,,,,,,,,,,,,,,,,,,,,,,,,,,XBaseSelected_empirical_riskfirst_xbase_pool_duration_guard,0.5591184909131858,0.2953581035599891,0.18266329700678663,0.1553398058252428
muswellbrook,XBaseSelected_empirical_riskfirst_xbase_pool_q99_guard,32.514295145649,11.368621051780543,1.2298716306686401,6.375,2.375,,0.32530977346743556,21,,,,,,,,,,,,,,,,,,,,,,,,,,,,,,,,,,,,,,,,,XBaseSelected_empirical_riskfirst_xbase_pool_q99_guard,0.5591184909131858,0.2953581035599891,0.18266329700678663,0.1553398058252428
muswellbrook,XBaseSelected_empirical_duration_xbase_pool_global_main,32.514295145649,11.368621051780543,1.1929430961608887,7.125,2.7083333333333335,,0.3327174305548024,25,,,,,,,,,,,,,,,,,,,,,,,,,,,,,,,,,,,,,,,,,XBaseSelected_empirical_duration_xbase_pool_global_main,0.5591184909131858,0.2953581035599891,0.10743955642421522,0.3300970873786408
muswellbrook,XBaseSelected_val_calibrated_riskfirst_xbase_pool_global_main,32.514295145649,11.368621051780543,1.2008517980575562,7.208333333333333,2.5,,0.3396575752625012,26,,,,,,,,,,,,,,,,,,,,,,,,,,,,,,,,,,,,,,,,,XBaseSelected_val_calibrated_riskfirst_xbase_pool_global_main,0.5591184909131858,0.2953581035599891,0.12354964981811713,0.3495145631067961
muswellbrook,XBaseSelected_val_calibrated_core_xbase_pool_global_main,32.35704511322406,12.173500381589427,1.1401993036270142,7.916666666666667,2.5833333333333335,,0.3412552776549083,27,,,,,,,,,,,,,,,,,,,,,,,,,,,,,,,,,,,,,,,,,XBaseSelected_val_calibrated_core_xbase_pool_global_main,0.5564054804055504,0.32383055837941904,0.0,0.5145631067961166
muswellbrook,XBaseSelected_val_calibrated_riskfirst_evt_xbase_pool_global_main,32.514295145649,12.173500381589427,1.1401993036270142,7.916666666666667,2.5833333333333335,,0.3420691808071989,28,,,,,,,,,,,,,,,,,,,,,,,,,,,,,,,,,,,,,,,,,XBaseSelected_val_calibrated_riskfirst_evt_xbase_pool_global_main,0.5591184909131858,0.32383055837941904,0.0,0.5145631067961166
muswellbrook,XBaseSelected_val_calibrated_riskfirst_xbase_pool_global_q99,32.514295145649,12.559506915726466,1.207358717918396,6.958333333333333,2.5416666666666665,,0.3468715830310193,29,,,,,,,,,,,,,,,,,,,,,,,,,,,,,,,,,,,,,,,,,XBaseSelected_val_calibrated_riskfirst_xbase_pool_global_q99,0.5591184909131858,0.33748546688083536,0.13680430121785395,0.2912621359223301
muswellbrook,XBaseSelected_empirical_riskfirst_evt_xbase_pool_global_main,41.26154722686587,12.62632749196888,1.1436775922775269,6.583333333333333,2.4583333333333335,,0.34731866363506125,30,,,,,,,,,,,,,,,,,,,,,,,,,,,,,,,,,,,,,,,,,XBaseSelected_empirical_riskfirst_evt_xbase_pool_global_main,0.7100334792493885,0.33984923219025404,0.007085303725295351,0.20388349514563106
muswellbrook,XBaseSelected_empirical_core_xbase_pool_global_main,41.26154722686587,12.62632749196888,1.1436775922775269,6.583333333333333,2.4583333333333335,,0.34731866363506125,30,,,,,,,,,,,,,,,,,,,,,,,,,,,,,,,,,,,,,,,,,XBaseSelected_empirical_core_xbase_pool_global_main,0.7100334792493885,0.33984923219025404,0.007085303725295351,0.20388349514563106
muswellbrook,XBaseSelected_empirical_duration_xbase_pool_paper_weights,32.514295145649,11.368621051780543,1.2905176877975464,6.166666666666667,2.5833333333333335,,0.3489123543142866,32,,,,,,,,,,,,,,,,,,,,,,,,,,,,,,,,,,,,,,,,,XBaseSelected_empirical_duration_xbase_pool_paper_weights,0.5591184909131858,0.2953581035599891,0.30619983398642386,0.1067961165048545
muswellbrook,XBaseSelected_empirical_duration_xbase_pool_core_ramp_guard,32.514295145649,11.368621051780543,1.2905176877975464,6.166666666666667,2.5833333333333335,,0.3489123543142866,32,,,,,,,,,,,,,,,,,,,,,,,,,,,,,,,,,,,,,,,,,XBaseSelected_empirical_duration_xbase_pool_core_ramp_guard,0.5591184909131858,0.2953581035599891,0.30619983398642386,0.1067961165048545
muswellbrook,XBaseSelected_empirical_duration_xbase_pool_duration_guard,32.514295145649,11.368621051780543,1.2905176877975464,6.166666666666667,2.5833333333333335,,0.3489123543142866,32,,,,,,,,,,,,,,,,,,,,,,,,,,,,,,,,,,,,,,,,,XBaseSelected_empirical_duration_xbase_pool_duration_guard,0.5591184909131858,0.2953581035599891,0.30619983398642386,0.1067961165048545
muswellbrook,XBaseSelected_empirical_duration_xbase_pool_q99_guard,32.514295145649,11.368621051780543,1.2905176877975464,6.166666666666667,2.5833333333333335,,0.3489123543142866,32,,,,,,,,,,,,,,,,,,,,,,,,,,,,,,,,,,,,,,,,,XBaseSelected_empirical_duration_xbase_pool_q99_guard,0.5591184909131858,0.2953581035599891,0.30619983398642386,0.1067961165048545
muswellbrook,XBaseSelected_empirical_duration_xbase_pool_global_q99,32.514295145649,11.368621051780543,1.2905176877975464,6.166666666666667,2.5833333333333335,,0.3489123543142866,32,,,,,,,,,,,,,,,,,,,,,,,,,,,,,,,,,,,,,,,,,XBaseSelected_empirical_duration_xbase_pool_global_q99,0.5591184909131858,0.2953581035599891,0.30619983398642386,0.1067961165048545
muswellbrook,XBaseSelected_val_calibrated_duration_xbase_pool_global_main,32.514295145649,11.368621051780543,1.1929614543914795,7.666666666666667,2.7916666666666665,,0.35165881835792934,37,,,,,,,,,,,,,,,,,,,,,,,,,,,,,,,,,,,,,,,,,XBaseSelected_val_calibrated_duration_xbase_pool_global_main,0.5591184909131858,0.2953581035599891,0.10747695229691712,0.4563106796116506
muswellbrook,XBaseSelected_val_calibrated_core_xbase_pool_core_ramp_guard,32.514295145649,11.368621051780543,1.2173956632614136,7.666666666666667,2.75,,0.3641019914615524,38,,,,,,,,,,,,,,,,,,,,,,,,,,,,,,,,,,,,,,,,,XBaseSelected_val_calibrated_core_xbase_pool_core_ramp_guard,0.5591184909131858,0.2953581035599891,0.15724964471140962,0.4563106796116506
muswellbrook,XBaseSelected_empirical_core_xbase_pool_global_q99,41.26154722686587,12.62632749196888,1.2080563306808472,6.25,2.3333333333333335,,0.3684531883619756,39,,,,,,,,,,,,,,,,,,,,,,,,,,,,,,,,,,,,,,,,,XBaseSelected_empirical_core_xbase_pool_global_q99,0.7100334792493885,0.33984923219025404,0.13822534438052544,0.12621359223300976
muswellbrook,XBaseSelected_empirical_riskfirst_evt_xbase_pool_global_q99,41.26154722686587,12.62632749196888,1.2080563306808472,6.291666666666667,2.3333333333333335,,0.36990949904158726,40,,,,,,,,,,,,,,,,,,,,,,,,,,,,,,,,,,,,,,,,,XBaseSelected_empirical_riskfirst_evt_xbase_pool_global_q99,0.7100334792493885,0.33984923219025404,0.13822534438052544,0.1359223300970875
muswellbrook,XBaseSelected_val_calibrated_duration_xbase_pool_paper_weights,32.514295145649,11.368621051780543,1.2544337511062622,7.375,2.6666666666666665,,0.37276954212103874,41,,,,,,,,,,,,,,,,,,,,,,,,,,,,,,,,,,,,,,,,,XBaseSelected_val_calibrated_duration_xbase_pool_paper_weights,0.5591184909131858,0.2953581035599891,0.23269654637848122,0.38834951456310685
muswellbrook,XBaseSelected_val_calibrated_duration_xbase_pool_core_ramp_guard,32.514295145649,11.368621051780543,1.2544337511062622,7.375,2.6666666666666665,,0.37276954212103874,41,,,,,,,,,,,,,,,,,,,,,,,,,,,,,,,,,,,,,,,,,XBaseSelected_val_calibrated_duration_xbase_pool_core_ramp_guard,0.5591184909131858,0.2953581035599891,0.23269654637848122,0.38834951456310685
muswellbrook,XBaseSelected_val_calibrated_duration_xbase_pool_global_q99,32.514295145649,11.368621051780543,1.2544337511062622,7.375,2.6666666666666665,,0.37276954212103874,41,,,,,,,,,,,,,,,,,,,,,,,,,,,,,,,,,,,,,,,,,XBaseSelected_val_calibrated_duration_xbase_pool_global_q99,0.5591184909131858,0.2953581035599891,0.23269654637848122,0.38834951456310685
muswellbrook,XBaseSelected_empirical_core_xbase_pool_paper_weights,37.38123405678327,11.368621051780543,1.2652043104171753,6.625,2.5416666666666665,,0.3772314437085871,44,,,,,,,,,,,,,,,,,,,,,,,,,,,,,,,,,,,,,,,,,XBaseSelected_empirical_core_xbase_pool_paper_weights,0.6430870357987313,0.2953581035599891,0.2546362677980588,0.21359223300970878
muswellbrook,XBaseSelected_empirical_core_xbase_pool_core_ramp_guard,37.38123405678327,11.368621051780543,1.2652043104171753,6.625,2.5416666666666665,,0.3772314437085871,44,,,,,,,,,,,,,,,,,,,,,,,,,,,,,,,,,,,,,,,,,XBaseSelected_empirical_core_xbase_pool_core_ramp_guard,0.6430870357987313,0.2953581035599891,0.2546362677980588,0.21359223300970878
muswellbrook,XBaseSelected_empirical_core_xbase_pool_q99_guard,37.38123405678327,11.368621051780543,1.2652043104171753,6.625,2.5416666666666665,,0.3772314437085871,44,,,,,,,,,,,,,,,,,,,,,,,,,,,,,,,,,,,,,,,,,XBaseSelected_empirical_core_xbase_pool_q99_guard,0.6430870357987313,0.2953581035599891,0.2546362677980588,0.21359223300970878
muswellbrook,XBaseSelected_empirical_riskfirst_evt_xbase_pool_paper_weights,37.38123405678327,11.368621051780543,1.2652043104171753,6.666666666666667,2.5416666666666665,,0.37868775438819874,47,,,,,,,,,,,,,,,,,,,,,,,,,,,,,,,,,,,,,,,,,XBaseSelected_empirical_riskfirst_evt_xbase_pool_paper_weights,0.6430870357987313,0.2953581035599891,0.2546362677980588,0.22330097087378653
muswellbrook,XBaseSelected_empirical_riskfirst_evt_xbase_pool_core_ramp_guard,37.38123405678327,11.368621051780543,1.2652043104171753,6.666666666666667,2.5416666666666665,,0.37868775438819874,47,,,,,,,,,,,,,,,,,,,,,,,,,,,,,,,,,,,,,,,,,XBaseSelected_empirical_riskfirst_evt_xbase_pool_core_ramp_guard,0.6430870357987313,0.2953581035599891,0.2546362677980588,0.22330097087378653
muswellbrook,XBaseSelected_empirical_riskfirst_evt_xbase_pool_q99_guard,37.38123405678327,11.368621051780543,1.2652043104171753,6.666666666666667,2.5416666666666665,,0.37868775438819874,47,,,,,,,,,,,,,,,,,,,,,,,,,,,,,,,,,,,,,,,,,XBaseSelected_empirical_riskfirst_evt_xbase_pool_q99_guard,0.6430870357987313,0.2953581035599891,0.2546362677980588,0.22330097087378653
muswellbrook,XBaseSelected_val_calibrated_duration_xbase_pool_q99_guard,32.514295145649,11.368621051780543,1.2667337656021118,7.458333333333333,2.8333333333333335,,0.38194597215782716,50,,,,,,,,,,,,,,,,,,,,,,,,,,,,,,,,,,,,,,,,,XBaseSelected_val_calibrated_duration_xbase_pool_q99_guard,0.5591184909131858,0.2953581035599891,0.25775178108874147,0.4077669902912621
muswellbrook,XBaseSelected_val_calibrated_core_xbase_pool_global_q99,32.35704511322406,12.823119714256038,1.226805329322815,7.708333333333333,2.6666666666666665,,0.3849720764847054,51,,,,,,,,,,,,,,,,,,,,,,,,,,,,,,,,,,,,,,,,,XBaseSelected_val_calibrated_core_xbase_pool_global_q99,0.5564054804055504,0.34681072001876717,0.17641721494420362,0.4660194174757281
muswellbrook,XBaseSelected_val_calibrated_riskfirst_evt_xbase_pool_global_q99,32.514295145649,12.823119714256038,1.226805329322815,7.708333333333333,2.6666666666666665,,0.385785979636996,52,,,,,,,,,,,,,,,,,,,,,,,,,,,,,,,,,,,,,,,,,XBaseSelected_val_calibrated_riskfirst_evt_xbase_pool_global_q99,0.5591184909131858,0.34681072001876717,0.17641721494420362,0.4660194174757281
muswellbrook,XBaseSelected_val_calibrated_riskfirst_evt_xbase_pool_paper_weights,32.514295145649,11.368621051780543,1.2452092170715332,7.958333333333333,2.8333333333333335,,0.38846027795777033,53,,,,,,,,,,,,,,,,,,,,,,,,,,,,,,,,,,,,,,,,,XBaseSelected_val_calibrated_riskfirst_evt_xbase_pool_paper_weights,0.5591184909131858,0.2953581035599891,0.21390609166715488,0.5242718446601942
muswellbrook,XBaseSelected_val_calibrated_riskfirst_evt_xbase_pool_core_ramp_guard,32.514295145649,11.368621051780543,1.2452092170715332,7.958333333333333,2.8333333333333335,,0.38846027795777033,53,,,,,,,,,,,,,,,,,,,,,,,,,,,,,,,,,,,,,,,,,XBaseSelected_val_calibrated_riskfirst_evt_xbase_pool_core_ramp_guard,0.5591184909131858,0.2953581035599891,0.21390609166715488,0.5242718446601942
muswellbrook,XBaseSelected_val_calibrated_riskfirst_evt_xbase_pool_q99_guard,32.514295145649,11.368621051780543,1.2452092170715332,7.958333333333333,2.8333333333333335,,0.38846027795777033,53,,,,,,,,,,,,,,,,,,,,,,,,,,,,,,,,,,,,,,,,,XBaseSelected_val_calibrated_riskfirst_evt_xbase_pool_q99_guard,0.5591184909131858,0.2953581035599891,0.21390609166715488,0.5242718446601942
muswellbrook,XBaseSelected_val_calibrated_core_xbase_pool_paper_weights,32.514295145649,11.368621051780543,1.2452092170715332,7.958333333333333,2.8333333333333335,,0.38846027795777033,53,,,,,,,,,,,,,,,,,,,,,,,,,,,,,,,,,,,,,,,,,XBaseSelected_val_calibrated_core_xbase_pool_paper_weights,0.5591184909131858,0.2953581035599891,0.21390609166715488,0.5242718446601942
muswellbrook,XBaseSelected_val_calibrated_core_xbase_pool_q99_guard,32.514295145649,11.368621051780543,1.2452092170715332,7.958333333333333,2.8333333333333335,,0.38846027795777033,53,,,,,,,,,,,,,,,,,,,,,,,,,,,,,,,,,,,,,,,,,XBaseSelected_val_calibrated_core_xbase_pool_q99_guard,0.5591184909131858,0.2953581035599891,0.21390609166715488,0.5242718446601942
muswellbrook,XBaseSelected_val_calibrated_riskfirst_xbase_pool_paper_weights,32.514295145649,11.368621051780543,1.2822474241256714,7.625,2.75,,0.39567157864523056,58,,,,,,,,,,,,,,,,,,,,,,,,,,,,,,,,,,,,,,,,,XBaseSelected_val_calibrated_riskfirst_xbase_pool_paper_weights,0.5591184909131858,0.2953581035599891,0.2893532361645687,0.44660194174757284
muswellbrook,XBaseSelected_val_calibrated_riskfirst_xbase_pool_core_ramp_guard,32.514295145649,11.368621051780543,1.2822474241256714,7.625,2.75,,0.39567157864523056,58,,,,,,,,,,,,,,,,,,,,,,,,,,,,,,,,,,,,,,,,,XBaseSelected_val_calibrated_riskfirst_xbase_pool_core_ramp_guard,0.5591184909131858,0.2953581035599891,0.2893532361645687,0.44660194174757284
muswellbrook,XBaseSelected_val_calibrated_riskfirst_xbase_pool_q99_guard,32.514295145649,11.368621051780543,1.2822474241256714,7.625,2.75,,0.39567157864523056,58,,,,,,,,,,,,,,,,,,,,,,,,,,,,,,,,,,,,,,,,,XBaseSelected_val_calibrated_riskfirst_xbase_pool_q99_guard,0.5591184909131858,0.2953581035599891,0.2893532361645687,0.44660194174757284
muswellbrook,XBaseSelected_val_calibrated_core_xbase_pool_duration_guard,32.514295145649,11.368621051780543,1.2796508073806763,7.791666666666667,2.7916666666666665,,0.40017448873511813,61,,,,,,,,,,,,,,,,,,,,,,,,,,,,,,,,,,,,,,,,,XBaseSelected_val_calibrated_core_xbase_pool_duration_guard,0.5591184909131858,0.2953581035599891,0.2840639056503325,0.4854368932038836
muswellbrook,XBaseSelected_val_calibrated_duration_xbase_pool_duration_guard,32.514295145649,11.368621051780543,1.316688895225525,7.5,2.7083333333333335,,0.40884203939460445,62,,,,,,,,,,,,,,,,,,,,,,,,,,,,,,,,,,,,,,,,,XBaseSelected_val_calibrated_duration_xbase_pool_duration_guard,0.5591184909131858,0.2953581035599891,0.3595108073174041,0.41747572815533984
muswellbrook,XBaseSelected_empirical_core_xbase_pool_duration_guard,37.38123405678327,11.368621051780543,1.331839680671692,6.75,2.625,,0.41553458050578573,63,,,,,,,,,,,,,,,,,,,,,,,,,,,,,,,,,,,,,,,,,XBaseSelected_empirical_core_xbase_pool_duration_guard,0.6430870357987313,0.2953581035599891,0.3903730868315136,0.2427184466019418
muswellbrook,XBaseSelected_empirical_riskfirst_evt_xbase_pool_duration_guard,37.38123405678327,11.368621051780543,1.331839680671692,6.791666666666667,2.625,,0.4169908911853974,64,,,,,,,,,,,,,,,,,,,,,,,,,,,,,,,,,,,,,,,,,XBaseSelected_empirical_riskfirst_evt_xbase_pool_duration_guard,0.6430870357987313,0.2953581035599891,0.3903730868315136,0.2524271844660195
muswellbrook,XBaseSelected_val_calibrated_riskfirst_evt_xbase_pool_duration_guard,32.514295145649,11.368621051780543,1.307464361190796,8.083333333333334,2.875,,0.42453277523133603,65,,,,,,,,,,,,,,,,,,,,,,,,,,,,,,,,,,,,,,,,,XBaseSelected_val_calibrated_riskfirst_evt_xbase_pool_duration_guard,0.5591184909131858,0.2953581035599891,0.3407203526060778,0.5533980582524274
muswellbrook,XBaseSelected_val_calibrated_riskfirst_xbase_pool_duration_guard,32.514295145649,11.368621051780543,1.3445024490356445,7.75,2.7916666666666665,,0.4317440152112107,66,,,,,,,,,,,,,,,,,,,,,,,,,,,,,,,,,,,,,,,,,XBaseSelected_val_calibrated_riskfirst_xbase_pool_duration_guard,0.5591184909131858,0.2953581035599891,0.4161672542731494,0.47572815533980584
muswellbrook,ordinary_conditional_tcn,13.326988388992078,25.87056483446814,1.380067699191083,7.25,4.416666666666667,0.2916666666666667,0.4869703349093598,67,C:\Users\13411\MyPython\project\ExtremeScene\results\expanded_model_pool_formal50\muswellbrook\generated_samples_Conditional_TCN_Risk_Generator.npy,0.5137170175159418,0.057473658090985,0.0685239689111145,0.4747164839257797,0.1978649007125032,0.0910406249930346,0.4138533644126828,0.288437478577857,0.0256679395546053,0.4674289552848014,0.1812586791271151,0.0617441778195848,0.2275804729538329,32.745098196034064,0.3474180841380028,12.768233234020627,0.1256112438348641,0.0908010032027952,1.058500802218913,0.0857908846632981,3.849999999999998,4.0,12.381154613398238,11.133059891526225,0.7368779728809992,0.2968436717987064,0.2119198083877558,2.875,2.0,3.539999999999999,0.6666666666666666,0.6557364781960602,0.2763286664149054,0.0783894288755562,0.1982544733338106,27.1500857633686,54.523506138424736,0.8341155488044023,6.8,ordinary_conditional_tcn,0.22808285269236578,0.8083616357099938,0.48861397297208364,0.35922330097087385
muswellbrook,traditional_gaussian_copula,0.1069747250174089,23.84946904876237,1.6311152594377445,10.0,5.583333333333333,0.3333333333333333,0.6210597257939467,68,C:\Users\13411\MyPython\project\ExtremeScene\results\tailweighted_month_evt_copula\muswellbrook\generated_samples_traditional_gaussian_copula.npy,0.7217611055131312,0.0560523346188708,0.1358636432503594,0.3779470458684955,0.0401755592156037,0.0925539560744538,0.1185336103820175,0.0339511597218877,0.1467067203225842,0.4060805872545481,0.0433930178521207,0.1250414398824658,0.0462633273937675,34.12470092974521,0.4185524678901718,34.87505378573638,0.2164983862422283,1.394401612505317,0.3096793587133293,0.3592493295275606,6.0,0.1599999999999966,11.528986998735718,14.73640184448227,1.4095828235149384,1.7588099479675292,1.8561361265182497,3.125,1.0,2.539999999999999,0.6666666666666666,1.2277088851762257,0.2467222579155943,0.1377532743945815,0.0690273268169264,59.56253984714044,88.83784227874874,1.4186442725360393,12.2,traditional_gaussian_copula,0.0,0.7368657526464891,1.0,1.0
muswellbrook,enhanced_gan,58.06842824035727,31.287932574398724,1.252758061736434,7.166666666666667,4.666666666666667,0.3333333333333333,0.7082916619870749,69,C:\Users\13411\MyPython\project\ExtremeScene\results\tailweighted_month_evt_copula\muswellbrook\generated_samples_enhanced_gan.npy,0.8186625736179174,0.0853020608498126,0.0882433830260845,0.2614667731923638,0.0929011900099911,0.1119243495220276,0.2036195965757643,0.0503336847587428,0.1274244358703886,0.4279163144620152,0.0761789785395155,0.1091973894728336,0.0940769006710934,27.104397456199735,0.4638339115814838,43.83354126056749,0.0020482889090258,0.0896262969821695,1.009935154020786,0.1447721178693155,5.549999999999994,6.77,13.928857426114805,19.91063601622793,1.0769833872715633,1.2521901369094848,1.5999124097824091,3.25,2.849999999999998,3.0,0.5833333333333334,1.40927116642663,0.2585753474024958,0.2576710423656705,0.1076563839256236,64.95990226839281,103.23190615982932,1.4076077584177256,10.0,enhanced_gan,1.0,1.0,0.2292831528026687,0.3398058252427186
