sample_index,selected_method,selected_score,target_cum,target_core,target_ramp,target_duration,score_DurationAware_RiskFirst_TCN_Empirical,score_RiskFirst_TCN_Empirical,score_extreme_conditioned_gaussian_copula,score_traditional_gaussian_copula,score_enhanced_gan,score_ordinary_conditional_tcn,score_ganfix_Conditional_NormalizingFlow_Risk_Generator,score_ganfix_Conditional_Transformer_Risk_Generator,score_ganfix_GAN_Augmented_TailWeighted_Month_EVT_Copula_Risk_Selection_Fixed,score_ganfix_TailWeighted_Month_EVT_Copula_Risk_Selection_Fixed,score_ganfix_TransformerVAE_Augmented_TailWeighted_Copula,score_ganfix_ValSelected_Model_Ensemble,score_ganfix_ValSelected_Model_Ensemble_Margin_0.00,score_ganfix_ValSelected_Model_Ensemble_Margin_0.05,score_ganfix_ValSelected_Model_Ensemble_Margin_0.10,score_targeted_seed45_Conditional_NormalizingFlow_Risk_Generator,score_targeted_seed45_Conditional_TCN_Risk_Generator,score_targeted_seed45_Conditional_Transformer_Risk_Generator,score_targeted_seed45_Expanded_ValSelected_Model_Ensemble,score_targeted_seed45_Expanded_ValSelected_Model_Ensemble_Margin_0.05,score_targeted_seed45_GAN_Augmented_TailWeighted_Month_EVT_Copula_Risk_Selection_Fixed,score_targeted_seed45_RiskKNN_Bootstrap_Generator,score_targeted_seed45_TailWeighted_Month_EVT_Copula_Risk_Selection_Fixed,score_targeted_seed45_TransformerVAE_Augmented_TailWeighted_Copula,score_targeted_seed46_Conditional_NormalizingFlow_Risk_Generator,score_targeted_seed46_Conditional_TCN_Risk_Generator,score_targeted_seed46_Conditional_Transformer_Risk_Generator,score_targeted_seed46_Expanded_ValSelected_Model_Ensemble,score_targeted_seed46_Expanded_ValSelected_Model_Ensemble_Margin_0.05,score_targeted_seed46_GAN_Augmented_TailWeighted_Month_EVT_Copula_Risk_Selection_Fixed,score_targeted_seed46_RiskKNN_Bootstrap_Generator,score_targeted_seed46_TailWeighted_Month_EVT_Copula_Risk_Selection_Fixed,score_targeted_seed46_TransformerVAE_Augmented_TailWeighted_Copula,score_targeted_seed47_Conditional_NormalizingFlow_Risk_Generator,score_targeted_seed47_Conditional_TCN_Risk_Generator,score_targeted_seed47_Conditional_Transformer_Risk_Generator,score_targeted_seed47_Expanded_ValSelected_Model_Ensemble,score_targeted_seed47_Expanded_ValSelected_Model_Ensemble_Margin_0.05,score_targeted_seed47_GAN_Augmented_TailWeighted_Month_EVT_Copula_Risk_Selection_Fixed,score_targeted_seed47_RiskKNN_Bootstrap_Generator,score_targeted_seed47_TailWeighted_Month_EVT_Copula_Risk_Selection_Fixed,score_targeted_seed47_TransformerVAE_Augmented_TailWeighted_Copula
0,targeted_seed45_RiskKNN_Bootstrap_Generator,0.06674257977613685,9.775089263916016,2.410369873046875,3.9756717681884766,8.0,0.1826466474484722,0.21936038702102123,0.09808044545196126,0.450631533151259,0.16309255373726214,0.15997809200794252,0.1920634204661421,0.236977600663097,0.18895733449413854,0.22651675880150396,0.18932797640854693,0.236977600663097,0.236977600663097,0.236977600663097,0.236977600663097,0.2173645365737273,0.21564666515116976,0.3006433080450454,0.10985317277717563,0.10985317277717563,0.18895733449413854,0.06674257977613685,0.10985317277717563,0.15789764660913957,0.14500377784858126,0.25939284289867487,0.14542125341025086,0.14500377784858126,0.14500377784858126,0.18895733449413854,0.0872608159124473,0.09688412130032338,0.20741259806354542,0.13786293019578294,0.2518785394049428,0.23956783106458526,0.23956783106458526,0.23956783106458526,0.18895733449413854,0.0846365272392349,0.2680239530474649,0.27372398671778425
1,DurationAware_RiskFirst_TCN_Empirical,0.02228871962879775,27.163557052612305,12.789454460144043,4.5038957595825195,11.0,0.02228871962879775,0.4523351690308166,0.42288849273832363,0.5027041024147695,0.9801773038029192,0.3668091059722697,0.3464463680606151,0.12424272701954721,0.1558072445034302,0.35156655500887735,0.26940367133010223,0.12424272701954721,0.12424272701954721,0.12424272701954721,0.12424272701954721,0.1622690232462899,0.923227286727802,0.41394700763401854,0.28918683839308473,0.28918683839308473,0.1558072445034302,0.8307590642456225,0.28918683839308473,0.49033655130745846,0.37540794796386695,0.3333034298347815,0.24645059104430947,0.37540794796386695,0.37540794796386695,0.1558072445034302,0.2867269907850051,0.3185380344241087,0.20365685512029055,0.2481740395751682,0.1563192028926482,0.94127618880836,0.94127618880836,0.94127618880836,0.1558072445034302,0.333617155767956,0.41246422575024194,0.20359462986351357
2,ganfix_GAN_Augmented_TailWeighted_Month_EVT_Copula_Risk_Selection_Fixed,0.11673049306143284,21.93396759033203,8.937949180603027,4.589417934417725,9.5,0.29281880685257444,0.495868252336121,0.260219494345373,0.38778198365241956,1.1695041124053247,0.2589761329253463,0.5461971207587124,0.1830949047328148,0.11673049306143284,0.22197741991934616,0.14399947970162738,0.1830949047328148,0.1830949047328148,0.1830949047328148,0.1830949047328148,0.2864536964113695,0.2237546766596418,0.19493832308725476,0.16209707600693563,0.16209707600693563,0.11673049306143284,0.16511724613159492,0.16209707600693563,0.23579362456333106,0.5063153237741868,0.225667798085505,0.24717868598239606,0.5063153237741868,0.5063153237741868,0.11673049306143284,0.30755713631322223,0.20731505139890358,0.2482934116287908,0.36327199907441876,0.5145422299988645,0.22240952657583044,0.22240952657583044,0.22240952657583044,0.11673049306143284,0.2528181667206301,0.1950050666946584,0.16059964218248868
3,targeted_seed47_RiskKNN_Bootstrap_Generator,0.11605955160808085,21.93396759033203,8.937949180603027,4.589417934417725,9.5,0.15620703232434424,0.3349391003828714,0.2463504336784478,1.3248237488032457,1.1332768555488573,0.26881016359346244,0.23596676339462186,0.20419400275927713,0.17599553997263073,0.2707193144692792,0.23755236717197656,0.20419400275927713,0.20419400275927713,0.20419400275927713,0.20419400275927713,0.35367435059901553,0.25009071690493007,0.3003307417089406,0.24688267383510046,0.24688267383510046,0.17599553997263073,0.19269614376987285,0.24688267383510046,0.30430418170764806,0.4362972848360863,0.3886712807162681,0.18308141920398457,0.4362972848360863,0.4362972848360863,0.17599553997263073,0.1668766610470526,0.2500881598452946,0.15917789775736166,0.5224149573519332,0.331250384501473,0.3085809047976744,0.3085809047976744,0.3085809047976744,0.17599553997263073,0.11605955160808085,0.30064501860750414,0.3452805701692975
4,ordinary_conditional_tcn,0.12139492734447141,21.93396759033203,8.937949180603027,4.589417934417725,9.5,0.4501792502341757,0.5179495142347161,0.3400898014206123,0.8670513284950766,0.8967787783152753,0.12139492734447141,0.37587680460055206,0.2389730641462087,0.22124520201665904,0.286311365480433,0.21282658576807445,0.2389730641462087,0.2389730641462087,0.2389730641462087,0.2389730641462087,0.38152762539710827,0.37836066109828154,0.14071118510527614,0.32489843674615015,0.32489843674615015,0.22124520201665904,0.21862350817192344,0.32489843674615015,0.22931695592970855,0.6384952792276445,0.201752915131835,0.27065890477531784,0.6384952792276445,0.6384952792276445,0.22124520201665904,0.20587783985481536,0.2072206972495833,0.30815143619583146,0.40656836587844203,0.1456435930185409,0.35905928029609635,0.35905928029609635,0.35905928029609635,0.22124520201665904,0.19523251992214127,0.2500653014034711,0.24971473772177524
5,ganfix_TailWeighted_Month_EVT_Copula_Risk_Selection_Fixed,0.13589100952367808,21.93396759033203,8.937949180603027,4.589417934417725,9.5,0.19546650562762416,0.4130778653412003,0.6456521778884222,0.8111939843391457,1.2185329307392123,0.41181018433391037,0.3577135738465317,0.46392541147600025,0.28564042435999115,0.13589100952367808,0.31303903044824066,0.46392541147600025,0.46392541147600025,0.46392541147600025,0.46392541147600025,0.44555727256943234,0.32031577711354375,0.44540146515010226,0.32730434317280976,0.32730434317280976,0.28564042435999115,0.20847255294420244,0.32730434317280976,0.527646885310052,0.6283904380261235,0.47103788443076133,0.23652133842079234,0.6283904380261235,0.6283904380261235,0.28564042435999115,0.16614652682544956,0.2505155454299622,0.33392450515184313,0.42276948540172055,0.20712250009044547,0.3245282755796385,0.3245282755796385,0.3245282755796385,0.28564042435999115,0.14341665839689452,0.21029186150949428,0.44991397118366194
6,targeted_seed45_RiskKNN_Bootstrap_Generator,0.0953708722742416,21.93396759033203,8.937949180603027,4.589417934417725,9.5,0.200271665656319,0.4060679647508867,0.7074397118300867,1.2023196391427364,1.3524065930140547,0.19282239930783773,0.279094652039115,0.11582159603375784,0.10446489522314797,0.17095188495212407,0.24121195422255012,0.11582159603375784,0.11582159603375784,0.11582159603375784,0.11582159603375784,0.5626479046012423,0.4739757891864478,0.47099712080391576,0.30689432971658903,0.30689432971658903,0.10446489522314797,0.0953708722742416,0.30689432971658903,0.28080220889413965,0.6249663907689053,0.28346775364193233,0.11041119459375962,0.6249663907689053,0.6249663907689053,0.10446489522314797,0.09607869750066315,0.13405201419252769,0.1968917193406223,0.5541450423381081,0.33692249526252116,0.3126660097046897,0.3126660097046897,0.3126660097046897,0.10446489522314797,0.16912926416043228,0.3460514315036858,0.23515433865210741
7,targeted_seed47_TransformerVAE_Augmented_TailWeighted_Copula,0.13221858654736512,21.93396759033203,8.937949180603027,4.589417934417725,9.5,0.2888357432734404,0.4886561364897587,0.48138912851436766,1.3827922883308428,1.0477234823803816,0.22295314041557285,0.35869315519653144,0.2658333876653481,0.2688168374756823,0.34641845764173973,0.29789831601712335,0.2658333876653481,0.2658333876653481,0.2658333876653481,0.2658333876653481,0.2424306584157477,0.29861940800784464,0.17440503530797577,0.5025152596287887,0.5025152596287887,0.2688168374756823,0.2006651849829701,0.5025152596287887,0.2973234733982003,0.23878290931081095,0.34375096461784316,0.30608651821665234,0.23878290931081095,0.23878290931081095,0.2688168374756823,0.17308831888961373,0.15129155405602185,0.16923475812431,0.5301502017962693,0.4057103917846896,0.21162267056393877,0.21162267056393877,0.21162267056393877,0.2688168374756823,0.23404572365568946,0.19957531698626071,0.13221858654736512
8,DurationAware_RiskFirst_TCN_Empirical,0.5162406029833178,28.767155170440674,13.343979835510254,4.678141951560974,11.1875,0.5162406029833178,1.3125855671359066,1.5202420847368283,1.5642405413020257,0.5958518448191946,0.6992200084083581,0.7872077823181703,0.8396322349110639,0.8741223925857088,0.8863153654379103,1.0250317704222516,0.8396322349110639,0.8396322349110639,0.8396322349110639,0.8396322349110639,0.8641096037111381,0.6617422148229568,0.7362381567982101,0.5719338588678288,0.5719338588678288,0.8741223925857088,0.7586512323602781,0.5719338588678288,0.5369972338150854,0.8089995316638426,0.7998298576346684,0.8238560211193244,0.8089995316638426,0.8089995316638426,0.8741223925857088,0.7355630048242535,0.7633087975906497,0.824316350135158,0.924620272578539,0.7139387411497297,0.92021720054816,0.92021720054816,0.92021720054816,0.8741223925857088,0.7240858175132919,0.8530508476825656,0.550998053398783
9,DurationAware_RiskFirst_TCN_Empirical,0.09253392685480384,27.163557052612305,12.789454460144043,4.5038957595825195,11.0,0.09253392685480384,0.4443121266934439,0.7041137235253299,1.3367346871471093,0.5148665707471565,0.48947654731753054,0.14521767549531772,0.19752559845804776,0.24200083799505134,0.47021884469742065,0.3783996711141717,0.19752559845804776,0.19752559845804776,0.19752559845804776,0.19752559845804776,0.562490353048962,0.3686159028202673,0.31310476601986936,0.16580578996313866,0.16580578996313866,0.24200083799505134,0.4239103893066336,0.16580578996313866,0.1885667884128616,0.5369823053044159,0.5391763264354434,0.5349517988163206,0.5369823053044159,0.5369823053044159,0.24200083799505134,0.22326791315894678,0.20464706070924032,0.2944184350878336,0.45945921423413055,0.48521193361815684,0.4582073322015704,0.4582073322015704,0.4582073322015704,0.24200083799505134,0.25934410740189817,0.5614379659507527,0.30021836697841703
10,DurationAware_RiskFirst_TCN_Empirical,0.12216233495387123,27.163557052612305,12.789454460144043,4.5038957595825195,11.0,0.12216233495387123,0.4862619298900629,0.37188928979743335,0.6174886282203608,0.7357417491440567,0.3946304778441571,0.33489823336089586,0.3441011307092783,0.26028264791315386,0.4835115919338019,0.5023939084885859,0.3441011307092783,0.3441011307092783,0.3441011307092783,0.3441011307092783,0.38252749801870584,0.26164579786355124,0.635917226299031,0.32216742974969637,0.32216742974969637,0.26028264791315386,0.22943835035346932,0.32216742974969637,0.2511865572441402,0.22388090979212863,0.5384773497006169,0.831506441346079,0.22388090979212863,0.22388090979212863,0.26028264791315386,0.24901687420605523,0.40104174341110693,0.2561782270872456,0.2926008974162242,0.44655330193170106,0.168898032940722,0.168898032940722,0.168898032940722,0.26028264791315386,0.21819703716857813,0.18577747142456524,0.21725692687071405
11,targeted_seed45_Expanded_ValSelected_Model_Ensemble,0.06259631444231051,21.93396759033203,8.937949180603027,4.589417934417725,9.5,0.35043545737495696,0.5697055761589476,0.8438009100726241,0.9714288358222687,0.7561921459715035,0.2731093828751936,0.3149622005370455,0.21526317075419507,0.3226557362964585,0.1999661286975559,0.25770004748404285,0.21526317075419507,0.21526317075419507,0.21526317075419507,0.21526317075419507,0.4785175312411839,0.4403510892934922,0.19759134210127083,0.06259631444231051,0.06259631444231051,0.3226557362964585,0.21628247607350948,0.06259631444231051,0.3321284901756786,0.8791462370433311,0.29401863098644576,0.29740333737690405,0.8791462370433311,0.8791462370433311,0.3226557362964585,0.1490068627697766,0.25651670989253467,0.25106062982292354,0.9553623271378453,0.35345767547942486,0.317053090865936,0.317053090865936,0.317053090865936,0.3226557362964585,0.19348672601801586,0.23498368063025862,0.3590933573944294
12,ganfix_Conditional_NormalizingFlow_Risk_Generator,0.1794146421462592,27.163557052612305,12.789454460144043,4.5038957595825195,11.0,0.26721625209604205,0.41103101961000915,0.913965429416422,1.2897679641448825,1.5469909260062895,0.21033813108952393,0.1794146421462592,0.46997835716725,0.35610598520229564,0.4982850624722593,0.376443068628009,0.46997835716725,0.46997835716725,0.46997835716725,0.46997835716725,0.656705945141867,0.41762359073597066,0.3733263953967919,0.21903909004301766,0.21903909004301766,0.35610598520229564,0.4351691658210681,0.21903909004301766,0.5365086514328142,0.5300329910352384,0.42620604088531705,0.4703537144116958,0.5300329910352384,0.5300329910352384,0.35610598520229564,0.419185596921677,0.4388066184350019,0.5006957182278571,0.6680174415130833,0.5515857390765827,0.41291192233391066,0.41291192233391066,0.41291192233391066,0.35610598520229564,0.3850006776027872,0.2670027954918976,0.7428769821541682
13,targeted_seed46_Conditional_Transformer_Risk_Generator,0.22795094507713107,54.00166702270508,25.422154545783997,7.032369449734688,17.21875,0.27526104466331897,0.3690381979141599,2.118144202739746,1.6659082976415538,0.6889152506807322,0.2995971750400763,0.3332297861610071,0.41835821377302423,0.5096354837751081,0.9599991025402708,0.878048076455674,0.41835821377302423,0.41835821377302423,0.41835821377302423,0.41835821377302423,0.3136095796668696,0.4882985663164126,0.8094644654327822,0.7170563813246341,0.7170563813246341,0.5096354837751081,0.7162664254227482,0.7170563813246341,0.26533722763371986,0.3607311963892732,0.3434278783971104,0.22795094507713107,0.3607311963892732,0.3607311963892732,0.5096354837751081,0.6155192037664121,0.40113743111140204,0.5879329414934731,0.4184237605914206,0.5233058436335698,0.29192450627249905,0.29192450627249905,0.29192450627249905,0.5096354837751081,0.6071860004959684,0.6899204781990734,0.8868954035467705
14,DurationAware_RiskFirst_TCN_Empirical,0.2047899070306012,3.018857955932617,0.03520560264587402,2.8809893131256104,4.5,0.2047899070306012,0.20804438615253365,2.203939336347721,0.7492816299778998,0.2472765930004127,1.8619074739665553,0.8273189166237246,2.339464066655999,1.6511961814509897,1.6453823256888203,1.5746790656213212,2.339464066655999,2.339464066655999,2.339464066655999,2.339464066655999,1.433467891857854,1.730974287894512,1.9670345998647538,1.56608831761727,1.56608831761727,1.6511961814509897,1.6109434938762504,1.56608831761727,0.9805619151300871,2.049641027360202,1.163810009860008,2.215796780691844,2.049641027360202,2.049641027360202,1.6511961814509897,1.571280593471209,1.4797588046645476,2.0082728250857746,1.541027517710352,2.1357037321074346,1.5446566914287145,1.5446566914287145,1.5446566914287145,1.6511961814509897,1.6131696264531592,1.4546071006963288,1.605863629996457
15,targeted_seed45_Conditional_TCN_Risk_Generator,0.14338826174081498,3.018857955932617,0.03520560264587402,2.8809893131256104,4.5,0.1657877598226709,0.17056749512526867,0.25366080688215237,0.3167286267952422,0.49231136411540805,0.5300192505796266,0.8530156519902454,0.5823564468256203,0.7927608880931692,0.42395028859383704,0.5723899258956842,0.5823564468256203,0.5823564468256203,0.5823564468256203,0.5823564468256203,0.6426084691393886,0.14338826174081498,0.6820949389478808,0.40052645377314794,0.40052645377314794,0.7927608880931692,0.6854898303417981,0.40052645377314794,0.5418683747971204,0.33715953458384035,0.7722825920396631,0.5472120558004745,0.33715953458384035,0.33715953458384035,0.7927608880931692,0.6416365233180361,0.2778856145668134,0.16719515690332243,0.5684146223257184,0.37632506537697463,0.3015908427453728,0.3015908427453728,0.3015908427453728,0.7927608880931692,0.6554905516983283,0.4756246688469457,0.3905476205889324
16,DurationAware_RiskFirst_TCN_Empirical,0.47836074491031116,8.403645277023315,0.7977311611175537,3.599659502506256,7.125,0.47836074491031116,0.48434760456474374,2.365472138740829,0.49338195771664245,0.5365941893290587,1.231721677372133,1.5138504866523284,0.9476757952880005,1.8263790649180045,1.174682473792553,2.3016569760059054,0.9476757952880005,0.9476757952880005,0.9476757952880005,0.9476757952880005,0.8687192674378981,2.4146475939126506,1.180149844623144,2.46562396610744,2.46562396610744,1.8263790649180045,2.013935648889146,2.46562396610744,1.80285929016036,1.120618997405833,2.1832706857842075,1.2486429493463973,1.120618997405833,1.120618997405833,1.8263790649180045,1.9298244508858753,2.162930458125059,1.2085342363740688,1.7411856169815991,1.5554776289138625,2.1829077311386893,2.1829077311386893,2.1829077311386893,1.8263790649180045,2.0319370775764383,2.5220272848755925,1.9860867715656259
17,targeted_seed45_Conditional_Transformer_Risk_Generator,0.662398770166087,16.021092236042012,6.265504667162895,4.953633111715315,15.0,0.9202015554582789,1.0509800217222849,1.637729525727134,3.829737827763033,1.5389038092990277,1.5410283639311042,0.7633035726363976,1.7762923308907193,1.8572014628072615,1.3744197643682212,1.412842729745851,1.7762923308907193,1.7762923308907193,1.7762923308907193,1.7762923308907193,1.1848743495834604,1.1977394897259475,0.662398770166087,1.8824710784839582,1.8824710784839582,1.8572014628072615,0.9160367244981544,1.8824710784839582,1.477269761845246,0.9485789619973679,1.5464071656134102,0.8824571575691038,0.9485789619973679,0.9485789619973679,1.8572014628072615,0.9459233047660353,2.2983551961784667,1.846048088148588,0.8545996599567802,1.4677641535656474,0.7857388117153474,0.7857388117153474,0.7857388117153474,1.8572014628072615,1.3528737932150574,1.7596999418775976,1.5787130566217649
18,targeted_seed45_Conditional_NormalizingFlow_Risk_Generator,0.14829470625260588,12.364845424890518,3.256978750228882,4.096752405166626,12.0,0.6676170494621566,0.8236294893976341,1.1383057605459115,1.6224788840790714,0.974524696092467,1.7965819339122489,0.9082478237143015,2.284910524401583,2.4107881633383443,2.5256836017288626,3.480620741689289,2.284910524401583,2.284910524401583,2.284910524401583,2.284910524401583,0.14829470625260588,1.3272236855793216,1.91078425851303,1.8842528636552953,1.8842528636552953,2.4107881633383443,2.3224408586126826,1.8842528636552953,2.16944687044261,0.47810184742429795,1.4312082492724199,2.681609912942756,0.47810184742429795,0.47810184742429795,2.4107881633383443,1.6165912568964842,2.021973087275587,2.368251363042514,0.8259924209450399,2.681516727267784,1.9685912233095049,1.9685912233095049,1.9685912233095049,2.4107881633383443,2.452957241795696,1.6801541265161979,1.9778936829452896
19,DurationAware_RiskFirst_TCN_Empirical,0.39057799827430906,6.850719726085661,0.40889650583267195,3.3420043110847466,7.0,0.39057799827430906,0.391665643685442,4.204099091615447,0.5707845329804295,0.39313770063016745,1.0088916817796223,1.8653608329225613,2.004226371004972,1.7510210791245329,1.6209270112030723,1.5811718458010164,2.004226371004972,2.004226371004972,2.004226371004972,2.004226371004972,0.5624440925537619,1.6326354861988563,1.346846215863762,1.5694486719291176,1.5694486719291176,1.7510210791245329,1.3512656336558133,1.5694486719291176,1.5117635924747204,1.3174185301239796,1.3987053077130112,1.609143993915284,1.3174185301239796,1.3174185301239796,1.7510210791245329,1.8578747946787937,1.9178950111109196,1.46309429580819,0.921187221025162,1.1692356725109951,1.85472243473701,1.85472243473701,1.85472243473701,1.7510210791245329,1.3547659953618314,2.0072871548004354,1.369734027027287
20,targeted_seed46_Conditional_NormalizingFlow_Risk_Generator,0.21375899472504825,12.37794440984726,3.266519069671631,4.107894992828369,12.0,0.8819135974707046,0.9218041471330872,1.1306925867922788,1.1185383904180088,0.47198299829166723,1.7603275662137754,1.1723571251703993,1.6064993019164644,2.2023891715500516,2.3811358312635034,2.346456321051441,1.6064993019164644,1.6064993019164644,1.6064993019164644,1.6064993019164644,0.9899355565805731,0.9234061104252024,1.5593341609618645,2.0853624093975784,2.0853624093975784,2.2023891715500516,2.2779647777130765,2.0853624093975784,1.7809634933149618,0.21375899472504825,1.8482144215735579,1.2593608468703126,0.21375899472504825,0.21375899472504825,2.2023891715500516,2.240104722860325,1.9854436967393339,1.8401828828592801,0.9082548111941359,1.3109272277415382,1.8606317929476037,1.8606317929476037,1.8606317929476037,2.2023891715500516,2.2787321356757655,2.3199477932666026,1.4110584663438153
21,RiskFirst_TCN_Empirical,0.21219942345663792,3.427283030748365,0.07348406910896298,2.952262577414512,5.0,0.2390052111337968,0.21219942345663792,1.6371236155001816,0.43582128512971746,0.25929512894427886,0.95174550122844,0.7352440142081021,0.6316499146618305,0.9775650065666857,1.3555781243116733,1.1935828542386446,0.6316499146618305,0.6316499146618305,0.6316499146618305,0.6316499146618305,0.2449877565080705,0.5405340301826165,0.8235001706773338,0.8700214206899262,0.8700214206899262,0.9775650065666857,0.99490679422503,0.8700214206899262,0.8006429201888974,0.4120800908721914,1.1846912837145769,0.7373800688723526,0.4120800908721914,0.4120800908721914,0.9775650065666857,1.0128791374769264,0.929412900393165,0.949982124862337,0.24285048271262952,1.3846452142603969,1.1003420391188559,1.1003420391188559,1.1003420391188559,0.9775650065666857,1.037360675022789,0.708977698302456,0.8828807622250122
22,ganfix_Conditional_NormalizingFlow_Risk_Generator,0.7843260546303388,30.849614530801688,10.35706418901681,6.278020361065862,18.0,1.4035858369542111,1.1248232842975878,2.450794359051621,2.2222911303527857,1.1251440666752115,1.8045670032687633,0.7843260546303388,1.8767155312579458,2.3042398740205505,1.485330941368055,1.8389609956222703,1.8767155312579458,1.8767155312579458,1.8767155312579458,1.8767155312579458,1.9918308733966605,1.4461326323952546,1.6005883071277074,1.2891723686482697,1.2891723686482697,2.3042398740205505,1.083921671877276,1.2891723686482697,2.7087694025832514,1.062846810028525,2.5478374398100043,1.7358069873380564,1.062846810028525,1.062846810028525,2.3042398740205505,1.1298880654050845,1.4603654634992849,1.333346415886077,1.9343129392242766,1.597454733446843,1.8316171177988891,1.8316171177988891,1.8316171177988891,2.3042398740205505,1.0160054203292637,1.4748355046970751,2.3406983652653572
23,traditional_gaussian_copula,0.08175009817730511,3.018857955932617,0.03520560264587402,2.8809893131256104,4.5,0.12738807415782613,0.17835037002738938,0.9876215259755574,0.08175009817730511,1.133074864872575,0.4165405299304701,0.40301408780602277,0.6033698310797592,0.14728820445421567,0.9742889999230748,0.25465106878457433,0.6033698310797592,0.6033698310797592,0.6033698310797592,0.6033698310797592,0.8575189652333765,0.3402384039636356,0.5523044241417461,0.3760549024030522,0.3760549024030522,0.14728820445421567,0.35902834029847924,0.3760549024030522,0.5121752085022843,0.2797484255482638,0.1815015913550851,0.3716787521681257,0.2797484255482638,0.2797484255482638,0.14728820445421567,0.39855722978577574,0.4866199156462347,0.6189773891232834,0.43343686079832966,0.5608420624687419,0.13249790701688174,0.13249790701688174,0.13249790701688174,0.14728820445421567,0.3854585787083486,0.3187760544893226,0.2885059960837845
