sample_index,selected_method,selected_score,target_cum,target_core,target_ramp,target_duration,score_DurationAware_RiskFirst_TCN_Empirical,score_RiskFirst_TCN_Empirical,score_extreme_conditioned_gaussian_copula,score_traditional_gaussian_copula,score_enhanced_gan,score_ordinary_conditional_tcn,score_ganfix_Conditional_NormalizingFlow_Risk_Generator,score_ganfix_Conditional_Transformer_Risk_Generator,score_ganfix_GAN_Augmented_TailWeighted_Month_EVT_Copula_Risk_Selection_Fixed,score_ganfix_TailWeighted_Month_EVT_Copula_Risk_Selection_Fixed,score_ganfix_TransformerVAE_Augmented_TailWeighted_Copula,score_ganfix_ValSelected_Model_Ensemble,score_ganfix_ValSelected_Model_Ensemble_Margin_0.00,score_ganfix_ValSelected_Model_Ensemble_Margin_0.05,score_ganfix_ValSelected_Model_Ensemble_Margin_0.10
0,extreme_conditioned_gaussian_copula,0.0787281578917215,9.775089263916016,2.410369873046875,3.9756717681884766,8.0,0.16174550141672195,0.1949391978137295,0.0787281578917215,0.36076114546965266,0.1579774322477781,0.17029438066851416,0.19760281083232978,0.27319701179161066,0.2201322695948688,0.2341068304079524,0.23454154025607982,0.27319701179161066,0.27319701179161066,0.27319701179161066,0.27319701179161066
1,DurationAware_RiskFirst_TCN_Empirical,0.006621335738435636,27.163557052612305,12.789454460144043,4.5038957595825195,11.0,0.006621335738435636,0.2860244995297403,0.46550280505525793,0.4016621552940449,0.8434050076188823,0.35946580440091913,0.30349104579505787,0.11282633357751412,0.11476588582484606,0.3954118982697866,0.18950898856358236,0.11282633357751412,0.11282633357751412,0.11282633357751412,0.11282633357751412
2,ganfix_GAN_Augmented_TailWeighted_Month_EVT_Copula_Risk_Selection_Fixed,0.09765276999871744,21.93396759033203,8.937949180603027,4.589417934417725,9.5,0.26805662084448056,0.5176065308595231,0.2216700768933128,0.4480815060639814,1.038482530629695,0.29516472707103947,0.6144948607857532,0.1660187438173169,0.09765276999871744,0.2595437941695301,0.1572196321800134,0.1660187438173169,0.1660187438173169,0.1660187438173169,0.1660187438173169
3,DurationAware_RiskFirst_TCN_Empirical,0.11223697224494877,21.93396759033203,8.937949180603027,4.589417934417725,9.5,0.11223697224494877,0.27867044025150545,0.23610355998365817,1.193296312491221,0.9538009620719412,0.288525931749519,0.2247121470245244,0.14150281878321713,0.15969900893333167,0.2669797990988731,0.2548097257307036,0.14150281878321713,0.14150281878321713,0.14150281878321713,0.14150281878321713
4,ordinary_conditional_tcn,0.10394620462387473,21.93396759033203,8.937949180603027,4.589417934417725,9.5,0.41751458626956445,0.5227552681261424,0.431630102851702,0.7097510809144261,0.8477414471276947,0.10394620462387473,0.37296276851640886,0.2878713538918081,0.2739993579002709,0.30122599509730946,0.15429782886899457,0.2878713538918081,0.2878713538918081,0.2878713538918081,0.2878713538918081
5,ganfix_TailWeighted_Month_EVT_Copula_Risk_Selection_Fixed,0.09505014608212943,21.93396759033203,8.937949180603027,4.589417934417725,9.5,0.20636966920862163,0.3784900512593307,0.5179288254838105,0.7026279603845468,1.0038391556091117,0.4177655982797052,0.3425411895289836,0.3473358442518753,0.2860969449814911,0.09505014608212943,0.2655396204218968,0.3473358442518753,0.3473358442518753,0.3473358442518753,0.3473358442518753
6,ganfix_Conditional_Transformer_Risk_Generator,0.10132395894607277,21.93396759033203,8.937949180603027,4.589417934417725,9.5,0.16122118216747672,0.37224932884006734,0.701224781092771,0.9835725411135166,1.1711812334526648,0.16926005960585694,0.2453647828154858,0.10132395894607277,0.11234677381949856,0.1915436745220451,0.26298662758805064,0.10132395894607277,0.10132395894607277,0.10132395894607277,0.10132395894607277
7,ganfix_Conditional_Transformer_Risk_Generator,0.20806859545185072,21.93396759033203,8.937949180603027,4.589417934417725,9.5,0.2640806153277573,0.4792758057252246,0.43800460530352847,1.2091633525986496,0.8813086225477673,0.21661392459040468,0.39898148476459777,0.20806859545185072,0.24817193289939238,0.3800761382171571,0.3058692838572381,0.20806859545185072,0.20806859545185072,0.20806859545185072,0.20806859545185072
8,DurationAware_RiskFirst_TCN_Empirical,0.41095093950698064,28.767155170440674,13.343979835510254,4.678141951560974,11.1875,0.41095093950698064,1.0032579111852644,1.4154515575873015,1.3200894972743242,0.6481051679568266,0.6300400681858164,0.7150775535602673,0.8320972523298708,0.7723820070000125,0.8417878607985491,0.8982565404562193,0.8320972523298708,0.8320972523298708,0.8320972523298708,0.8320972523298708
9,DurationAware_RiskFirst_TCN_Empirical,0.0995959578028603,27.163557052612305,12.789454460144043,4.5038957595825195,11.0,0.0995959578028603,0.2747176229940349,0.6672038678503941,1.0454468211403585,0.4488028865897741,0.39973673213818095,0.1437151412326492,0.17647343006828659,0.23971574986644145,0.4643500858695132,0.3922094178269345,0.17647343006828659,0.17647343006828659,0.17647343006828659,0.17647343006828659
10,DurationAware_RiskFirst_TCN_Empirical,0.12867945673295753,27.163557052612305,12.789454460144043,4.5038957595825195,11.0,0.12867945673295753,0.32653320151308934,0.3668755927861949,0.6105811845182968,0.69205648587385,0.3891339958014779,0.3258321288667537,0.3953641680930383,0.14504204683798227,0.4509686274468262,0.4169636380315068,0.3953641680930383,0.3953641680930383,0.3953641680930383,0.3953641680930383
11,ganfix_Conditional_Transformer_Risk_Generator,0.17429375450922724,21.93396759033203,8.937949180603027,4.589417934417725,9.5,0.34057144721254995,0.530599058700717,0.8912914275690507,0.9146677090726631,0.5944566667679689,0.2639746510898953,0.2762761731944098,0.17429375450922724,0.30579701821094873,0.2295888677335644,0.3178990473510461,0.17429375450922724,0.17429375450922724,0.17429375450922724,0.17429375450922724
12,ganfix_Conditional_NormalizingFlow_Risk_Generator,0.1776679931448325,27.163557052612305,12.789454460144043,4.5038957595825195,11.0,0.3171719922022751,0.2674577088824121,0.8722409115510814,1.1576674432407208,1.3082671197143336,0.1781298409191594,0.1776679931448325,0.33010084705219883,0.3118644368262999,0.4972209069201652,0.3823899148059528,0.33010084705219883,0.33010084705219883,0.33010084705219883,0.33010084705219883
13,DurationAware_RiskFirst_TCN_Empirical,0.273539474263081,54.00166702270508,25.422154545783997,7.032369449734688,17.21875,0.273539474263081,0.2970770037851315,2.206800183108199,1.8652408411066927,0.8524263815389055,0.36347458899741936,0.37894813615335093,0.471686359039417,0.4501595511438165,1.06183453052861,1.0245977819119991,0.471686359039417,0.471686359039417,0.471686359039417,0.471686359039417
14,DurationAware_RiskFirst_TCN_Empirical,0.1385466207347017,3.018857955932617,0.03520560264587402,2.8809893131256104,4.5,0.1385466207347017,0.14261471963711725,2.512815517044091,0.9174909469015565,0.19165497819696603,2.324654518860348,1.0807481663164098,2.95203179169019,2.025461123133313,1.8743243458133034,1.8032490229306073,2.95203179169019,2.95203179169019,2.95203179169019,2.95203179169019
15,RiskFirst_TCN_Empirical,0.13680423895987318,3.018857955932617,0.03520560264587402,2.8809893131256104,4.5,0.14752127725396857,0.13680423895987318,0.19963524554914067,0.3157320231382026,0.6263438619801843,0.5673843774212608,0.9452685017101263,0.6973193851150987,0.9415146040884008,0.48513114544014363,0.5848415014384923,0.6973193851150987,0.6973193851150987,0.6973193851150987,0.6973193851150987
16,DurationAware_RiskFirst_TCN_Empirical,0.396852155426214,8.403645277023315,0.7977311611175537,3.599659502506256,7.125,0.396852155426214,0.42919646430987496,3.038468461167615,0.41562867143412807,0.46964396094964844,1.5839916406503811,1.975036981990439,1.2071808305345948,2.2363062653807906,1.4893847471820374,2.8823291539562748,1.2071808305345948,1.2071808305345948,1.2071808305345948,1.2071808305345948
17,ganfix_Conditional_NormalizingFlow_Risk_Generator,0.9122674306944333,16.021092236042012,6.265504667162895,4.953633111715315,15.0,0.9617160237620856,1.1004158958596444,1.7109218755077065,4.534426081885355,1.5873897299725737,1.8285794683178345,0.9122674306944333,2.016496160525491,2.2689343121369117,1.6449619440740615,1.6241891918421174,2.016496160525491,2.016496160525491,2.016496160525491,2.016496160525491
18,DurationAware_RiskFirst_TCN_Empirical,0.680603139415982,12.364845424890518,3.256978750228882,4.096752405166626,12.0,0.680603139415982,0.763627709004396,1.1400543660788618,1.922679784614335,1.1217294324558018,2.165503010837494,1.126145192497985,2.8145642204557184,2.939983629814326,3.2260497685144043,4.46238271768132,2.8145642204557184,2.8145642204557184,2.8145642204557184,2.8145642204557184
19,DurationAware_RiskFirst_TCN_Empirical,0.31124257060234817,6.850719726085661,0.40889650583267195,3.3420043110847466,7.0,0.31124257060234817,0.3126021273662643,5.230884541195839,0.5365007389849987,0.31444219854717115,1.299074433694609,2.4257050277782874,2.5252209504423027,2.190769334034223,2.0534565839414882,2.022571235546899,2.5252209504423027,2.5252209504423027,2.5252209504423027,2.5252209504423027
20,enhanced_gan,0.4727763850288908,12.37794440984726,3.266519069671631,4.107894992828369,12.0,0.8949296144714809,0.8944104675247625,1.1305916983398536,1.1594485888404389,0.4727763850288908,2.1309805846649605,1.5469405554681406,1.950215672868883,2.7892818931066516,2.915561238986497,2.8756155488933985,1.950215672868883,1.950215672868883,1.950215672868883,1.950215672868883
21,RiskFirst_TCN_Empirical,0.15852204148493437,3.427283030748365,0.07348406910896298,2.952262577414512,5.0,0.16728224697174848,0.15852204148493437,1.605697312029724,0.4133023394666494,0.19264464423485106,1.0423349646045192,0.7004695605928623,0.6316101040215564,0.9954032152917678,1.528378093077617,1.300048253537211,0.6316101040215564,0.6316101040215564,0.6316101040215564,0.6316101040215564
22,ganfix_Conditional_NormalizingFlow_Risk_Generator,0.8904051117577909,30.849614530801688,10.35706418901681,6.278020361065862,18.0,1.4911563223075497,1.2165648515237952,2.642358632128993,2.3777587916215692,1.069837340567707,2.2445040063865243,0.8904051117577909,2.310836952282633,2.934925959354847,1.8803301085333013,2.354064447765207,2.310836952282633,2.310836952282633,2.310836952282633,2.310836952282633
23,traditional_gaussian_copula,0.07745168998320828,3.018857955932617,0.03520560264587402,2.8809893131256104,4.5,0.09457986656470349,0.13181467643215058,0.9474389027689455,0.07745168998320828,1.1392962741185153,0.4391600677189415,0.4629939619030678,0.7502409031688516,0.16370172275199757,1.2062043723706126,0.2495035277449904,0.7502409031688516,0.7502409031688516,0.7502409031688516,0.7502409031688516
